,1,2,3,4,5,6,7,8,9,10,11,12,13,14,15,16,17,18,19,20,21
1,0.0035426467657089233,-0.0009393841028213501,-0.0005529671907424927,-0.00687282532453537,0.004919953644275665,0.002252325415611267,-0.0005298256874084473,0.006607428193092346,-0.008549749851226807,-0.0006753057241439819,-0.0034329593181610107,-0.00018952786922454834,-0.0003767833113670349,0.0028996244072914124,-0.0006460100412368774,-0.0007509887218475342,0.0009517595171928406,-0.0005063042044639587,0.002201169729232788,-0.0022341087460517883,0.0053477659821510315
2,-0.0038287341594696045,0.0006206929683685303,0.0020083636045455933,0.008308909833431244,-0.005728736519813538,0.0004543513059616089,0.003341168165206909,-0.00768839567899704,-0.0013079941272735596,-0.0006126761436462402,-0.0022978782653808594,-0.0010689198970794678,0.0021657273173332214,0.003930151462554932,-0.005442634224891663,-0.00192955881357193,-0.0001401156187057495,-0.00036432594060897827,0.00044824182987213135,-0.0032359734177589417,0.00263001024723053
3,-0.002522081136703491,0.0005111768841743469,0.007533065974712372,0.018215224146842957,-0.014144696295261383,0.0007041692733764648,0.0003386884927749634,-0.003637567162513733,-0.0037241801619529724,-0.0009586960077285767,-0.003244653344154358,0.0013082101941108704,0.002833053469657898,0.00010682642459869385,0.005412720143795013,-0.001963295042514801,-0.0017431005835533142,0.00025388598442077637,0.011335760354995728,0.0007009506225585938,0.0018720105290412903
4,-0.00012673437595367432,0.0032107606530189514,0.002869926393032074,-0.004680469632148743,-0.004222378134727478,-0.00044018030166625977,-0.003406412899494171,-0.005392849445343018,-0.0023924261331558228,-0.0003831237554550171,-0.004892274737358093,-0.001340225338935852,0.0012377798557281494,-0.0029243379831314087,0.0015480220317840576,-0.0013777315616607666,-0.002187579870223999,-0.0010063499212265015,0.006624475121498108,-0.000760592520236969,0.004464969038963318
5,-0.0006601065397262573,-0.0010600090026855469,0.0023387372493743896,0.00992678850889206,0.0010824203491210938,0.0009846389293670654,-0.0008342564105987549,0.0037173330783843994,-0.0030228793621063232,0.0015610605478286743,-0.0014275163412094116,0.002248801290988922,0.002960093319416046,-0.002839416265487671,0.003589831292629242,0.0004599541425704956,0.0010039284825325012,-0.0011857971549034119,0.007763892412185669,0.004941418766975403,-0.0012667179107666016
6,-0.007883250713348389,0.0006463155150413513,0.0037557631731033325,0.004674553871154785,0.00200827419757843,0.0019399374723434448,0.0017850250005722046,-0.0034434646368026733,0.002125352621078491,-0.00031682848930358887,-0.0025011450052261353,-0.001904413104057312,0.0019668936729431152,0.007832571864128113,-0.0021697431802749634,0.0018997415900230408,-0.0007902383804321289,0.001726008951663971,-0.0023773759603500366,0.0008424520492553711,0.0024319589138031006
7,0.008885197341442108,0.002385370433330536,-0.00012549757957458496,-0.0029839277267456055,-0.0022116005420684814,9.994208812713623e-05,0.00424349308013916,0.009563468396663666,0.004804402589797974,-0.0004580095410346985,0.002672344446182251,-0.0006795749068260193,-0.0015421509742736816,0.001726001501083374,-0.00442088395357132,0.0004083961248397827,0.00048194825649261475,-0.0005077570676803589,0.009366296231746674,0.0031946897506713867,-0.0046371594071388245
8,-0.0014130473136901855,0.0006404668092727661,0.0021169036626815796,-0.0004213303327560425,-0.0003843754529953003,0.0008464008569717407,-0.0012563914060592651,0.0010794401168823242,-0.0011246204376220703,0.00043776631355285645,-0.0003910660743713379,-0.002101883292198181,0.0013637244701385498,-0.005036801099777222,0.004865176975727081,-0.0013991594314575195,-0.00019690394401550293,0.0007334277033805847,-0.0022416114807128906,0.0022568702697753906,-0.0035216733813285828
9,0.00028292834758758545,-0.0014868304133415222,-0.0009976029396057129,0.006556913256645203,-0.000684879720211029,-0.003021836280822754,-0.005034513771533966,-0.007992357015609741,-0.0023953020572662354,-0.0001919269561767578,-0.0010089129209518433,-0.0007654577493667603,-0.0007489398121833801,-0.0016048252582550049,-0.004659712314605713,0.0016069412231445312,0.00041894614696502686,0.0006028711795806885,-0.017068415880203247,-0.0022215992212295532,-0.00499386340379715
10,-0.0030537769198417664,0.001993052661418915,-0.00020232796669006348,0.002113834023475647,-0.0005073845386505127,-0.0027319639921188354,4.3138861656188965e-05,6.377696990966797e-06,0.00019527971744537354,0.0018070563673973083,-0.0002992600202560425,-0.0015176385641098022,-0.002192854881286621,-0.0011161714792251587,0.007865265011787415,0.002428211271762848,0.00427042692899704,0.0005640313029289246,-0.01019265502691269,-0.00041722506284713745,0.006276726722717285
11,0.0016940385103225708,0.0026599541306495667,0.001913711428642273,-0.002682596445083618,-0.00266353040933609,0.0030828267335891724,-0.00232589989900589,-0.0015792250633239746,0.0006175488233566284,0.0012012869119644165,-0.0035130977630615234,-0.00010895729064941406,0.0001900196075439453,0.005228504538536072,0.0034985095262527466,-0.001506708562374115,0.003061361610889435,0.0003433823585510254,0.012002438306808472,-0.0016804784536361694,-0.0039002075791358948
12,-0.0021666735410690308,0.0018310770392417908,0.002113848924636841,-0.0005597919225692749,-0.0014589130878448486,-0.00307493656873703,0.0010830461978912354,-0.001042284071445465,-0.006129860877990723,-0.0010908246040344238,0.00025966763496398926,0.0004922077059745789,0.002134956419467926,0.011580154299736023,-0.0004743039608001709,0.0015024840831756592,-0.0031914860010147095,0.0009341388940811157,0.004205964505672455,0.0007066577672958374,0.0052017271518707275
13,0.0006525665521621704,0.005757726728916168,-0.007701613008975983,-0.0008810162544250488,-0.0009102970361709595,-0.0033618956804275513,0.003908708691596985,-0.002415969967842102,0.002642489969730377,-0.0011403411626815796,-0.0028184205293655396,0.0027106255292892456,-0.0031036585569381714,0.013058781623840332,0.005780532956123352,-0.002444744110107422,-0.00013503432273864746,-0.00028486549854278564,0.001093164086341858,0.00025568902492523193,0.002621859312057495
14,-0.001178249716758728,0.00051918625831604,-0.00012890994548797607,-0.010676942765712738,0.001607447862625122,-0.004127427935600281,0.0009031742811203003,-0.00879204273223877,0.003193587064743042,0.00037354230880737305,0.0032453909516334534,0.00038430094718933105,0.0028809458017349243,-0.015651047229766846,0.0036185234785079956,-0.0006041228771209717,-0.0022442787885665894,-0.0018979832530021667,0.005727298557758331,-0.0002963840961456299,-0.007562033832073212
15,-0.0028701797127723694,0.0026935189962387085,0.00047782063484191895,0.005047023296356201,-0.00165606290102005,0.005798012018203735,-0.004930920898914337,-7.487833499908447e-05,0.005426675081253052,-0.0010984614491462708,0.003265485167503357,0.0016308575868606567,0.001827523112297058,0.007705792784690857,0.004434332251548767,-0.0006648451089859009,-0.0017698109149932861,-0.0004006102681159973,0.0021515190601348877,0.0032323896884918213,-0.002409502863883972
16,0.00012155622243881226,0.0008837282657623291,0.001834079623222351,0.004098951816558838,-0.001477956771850586,0.0006542056798934937,-0.0011926442384719849,-0.011048376560211182,-0.004120245575904846,-0.00021292269229888916,0.0013709217309951782,0.0014791116118431091,0.005897827446460724,-0.00021864473819732666,0.0017183274030685425,0.0019296333193778992,-0.00029158592224121094,-0.0014559105038642883,0.00025030970573425293,0.00031942129135131836,-0.007598429918289185
17,-0.002215936779975891,-0.0001138150691986084,0.00035209953784942627,-0.005894526839256287,-0.00025138258934020996,-0.002904653549194336,0.0011394619941711426,0.005421645939350128,0.008063063025474548,-0.0009098201990127563,0.0012842565774917603,0.0007540956139564514,0.0012238621711730957,-0.006303757429122925,0.0009841546416282654,0.0003698766231536865,-0.002938881516456604,-0.000555679202079773,0.0005738288164138794,0.003881193697452545,-0.0057367682456970215
18,-0.0028413087129592896,-1.7628073692321777e-05,0.00039087235927581787,0.010319337248802185,-0.0035238489508628845,0.00584818422794342,0.002515658736228943,0.005034871399402618,0.0022179335355758667,0.0007594972848892212,-0.0029879435896873474,0.0016238540410995483,-0.002032443881034851,-0.00849449634552002,0.010446324944496155,-0.001058131456375122,0.0019546374678611755,0.0002566426992416382,-0.0051409900188446045,0.0042240917682647705,-0.0013256072998046875
19,0.0006108656525611877,-4.6625733375549316e-05,8.320808410644531e-05,-0.0035157203674316406,0.001118972897529602,-0.002190321683883667,-0.007795564830303192,-0.009483106434345245,0.006505593657493591,-0.0010714232921600342,-0.002612873911857605,-0.002881065011024475,-0.003398522734642029,-0.0073448121547698975,0.0020770877599716187,-0.001385509967803955,-0.002240091562271118,-0.001119360327720642,-0.0017707496881484985,0.003749154508113861,-0.0055282264947891235
20,-0.00028733909130096436,-0.00011946260929107666,-0.0024073123931884766,0.0024976879358291626,-0.0022148191928863525,0.0028305798768997192,-0.0023865699768066406,0.008902385830879211,0.0037770047783851624,-0.0009645223617553711,0.004694528877735138,0.0017163008451461792,-0.005094975233078003,0.0055230408906936646,0.0021752268075942993,-0.0007327049970626831,-0.0018830075860023499,-0.00011433660984039307,0.0023048073053359985,9.182095527648926e-05,-0.0030628591775894165
21,-0.0038300752639770508,0.0010736137628555298,-0.0037716180086135864,-0.004054322838783264,-0.005886495113372803,0.00037433207035064697,0.001475803554058075,-0.009620189666748047,0.006861008703708649,0.0011053085327148438,-0.0019022077322006226,-0.0009634345769882202,-0.0036782920360565186,0.006720677018165588,0.0008162558078765869,0.0012402087450027466,0.003582864999771118,-0.0005985870957374573,-0.00042714923620224,-0.002390913665294647,-0.0019206404685974121
22,-0.0006465986371040344,-0.0007665455341339111,0.0006078183650970459,0.006677761673927307,0.00046847760677337646,-0.0014534294605255127,0.002888217568397522,-0.00679469108581543,0.006647631525993347,0.00034802407026290894,-0.004797652363777161,-0.0005469769239425659,0.00038151443004608154,0.0018781572580337524,0.010003894567489624,-0.0006686151027679443,-0.0016353428363800049,-0.0006318315863609314,6.0498714447021484e-05,-0.000848129391670227,-0.002207934856414795
23,-0.004643134772777557,-0.0029160231351852417,-0.0022139474749565125,0.009646035730838776,0.0034984350204467773,0.005993902683258057,0.003750428557395935,-0.012599349021911621,0.007457219064235687,-0.0003481432795524597,0.0009055733680725098,0.001882702112197876,-0.007540680468082428,0.006189674139022827,0.00031679868698120117,-0.0015111342072486877,0.002747863531112671,0.00011967122554779053,0.0032404661178588867,-0.0037581995129585266,-0.0004988312721252441
24,-0.0024415701627731323,-0.003087572753429413,-0.004815749824047089,0.0010253489017486572,-0.0019912272691726685,-0.0028153210878372192,-0.00041340291500091553,0.005451217293739319,0.010226793587207794,0.0008747130632400513,-0.004003264009952545,0.0038006603717803955,-0.0008724406361579895,0.00213642418384552,0.002944082021713257,0.00040521472692489624,-0.002033039927482605,0.00010251998901367188,-0.0021820664405822754,0.0026819705963134766,0.004679486155509949
25,-0.0023365095257759094,-0.0010194778442382812,0.0007280558347702026,0.0011322498321533203,0.0012933090329170227,0.005593501031398773,0.00936233252286911,-0.005177095532417297,0.006930172443389893,-0.000781714916229248,-0.0010787323117256165,0.0009244680404663086,0.005478009581565857,0.003964677453041077,-0.005549803376197815,-0.00022833794355392456,0.000748947262763977,-0.0023548081517219543,-7.957965135574341e-05,0.000765681266784668,-0.0005097836256027222
26,0.0003087073564529419,0.003481939435005188,-0.004943236708641052,0.009569823741912842,-0.0022432953119277954,0.001958116888999939,0.003901056945323944,0.0032017752528190613,0.00346963107585907,-0.0010224059224128723,0.0006671994924545288,-0.0013300925493240356,-0.0026857703924179077,-0.00819098949432373,0.006206586956977844,-0.0014686957001686096,0.0004795640707015991,-0.00023490935564041138,-0.0011920183897018433,0.0021904706954956055,0.0048527345061302185
27,-0.002977892756462097,-0.0009732246398925781,-1.843273639678955e-05,0.01297694444656372,-0.0016530752182006836,0.002796858549118042,0.008874066174030304,-0.005243539810180664,0.002292141318321228,0.0010202676057815552,0.0021322593092918396,-0.00014422833919525146,-0.0019960254430770874,0.008742198348045349,0.0016652196645736694,0.00044021010398864746,-0.0032227635383605957,-0.0003980472683906555,-0.0009366273880004883,0.0007078424096107483,0.0024950504302978516
28,-0.004490554332733154,0.0005123168230056763,0.0007485300302505493,-0.0045027658343315125,-0.0028242692351341248,-0.0035017579793930054,0.0016781240701675415,-0.010305047035217285,0.004890412092208862,0.0015386790037155151,-0.0006265193223953247,-0.0009865164756774902,-0.003814399242401123,0.006082788109779358,0.004522137343883514,-0.0018916875123977661,0.0008558481931686401,-3.5241246223449707e-06,0.004487328231334686,-0.003822430968284607,0.0005274340510368347
29,-0.005414366722106934,0.0013646557927131653,0.0044844672083854675,0.0011882781982421875,0.0009499788284301758,0.0028290599584579468,-0.005059570074081421,-0.018451228737831116,0.007409527897834778,0.0013657137751579285,-0.00113716721534729,-0.0011264383792877197,-0.002159804105758667,-0.007921606302261353,-0.0023647844791412354,-0.00029783695936203003,0.0024409443140029907,-0.000742100179195404,-0.0018884316086769104,-0.0022203773260116577,0.0033737123012542725
30,-0.00048407912254333496,-0.002258211374282837,-0.002621591091156006,0.003191813826560974,-0.0001427680253982544,-0.0013218075037002563,-0.0023692697286605835,0.0009065568447113037,0.0005978196859359741,0.0004472583532333374,0.0002968013286590576,-0.0011947005987167358,-0.0036309733986854553,-0.00485558807849884,0.004177071154117584,-0.0031988397240638733,-0.0014044269919395447,-0.000835120677947998,-0.0005943775177001953,0.003090888261795044,0.008922822773456573
31,-0.0015907734632492065,-0.0016294866800308228,0.0010284781455993652,-0.009278833866119385,0.0018580257892608643,-0.0005246400833129883,-0.008510999381542206,0.011053010821342468,0.0062694251537323,0.00045996159315109253,-2.1278858184814453e-05,0.002108149230480194,-0.0024290233850479126,0.007479444146156311,0.006416238844394684,0.00071735680103302,-0.0018320977687835693,0.0015244707465171814,0.0011922046542167664,-0.0015686750411987305,-0.004961416125297546
32,0.0013962909579277039,0.0008134916424751282,0.007068999111652374,0.0027674436569213867,-0.0023266002535820007,-0.002917841076850891,0.004655003547668457,-0.0010956823825836182,-0.004205472767353058,0.0007863044738769531,0.0005285888910293579,-0.00128106027841568,-0.003852933645248413,-0.0025710314512252808,-0.0016118735074996948,0.0010959208011627197,-0.002450913190841675,0.000704348087310791,0.0012556016445159912,-0.0011267215013504028,-0.005626186728477478
33,0.00198344886302948,0.0019207969307899475,-0.00429118424654007,0.001224622130393982,-6.0945749282836914e-05,-0.0008342266082763672,0.0043073296546936035,-0.01007150113582611,-0.001727074384689331,-0.00043469667434692383,-0.0031128302216529846,0.0012249499559402466,-5.951523780822754e-05,0.007183283567428589,-0.00038086622953414917,-0.0018685311079025269,0.00154152512550354,-0.0009201392531394958,-0.004490867257118225,-0.00012885034084320068,-0.005852878093719482
34,-0.003841198980808258,-0.0001851394772529602,-0.0016176030039787292,0.006842613220214844,-9.298324584960938e-05,-0.001776963472366333,0.0026101842522621155,0.004301592707633972,0.007422253489494324,0.0005934759974479675,0.0015312135219573975,0.0013394057750701904,0.0004025697708129883,-0.008872643113136292,-6.549805402755737e-05,0.0009599402546882629,-0.00018026679754257202,-0.0008908063173294067,-0.007267117500305176,0.000686347484588623,0.0018031522631645203
35,-0.004360511898994446,-0.0017972439527511597,-0.004560433328151703,0.00018796324729919434,-0.00020669400691986084,-0.0017416030168533325,0.002060912549495697,0.011328443884849548,7.82012939453125e-05,-0.00019460171461105347,-0.0020048245787620544,-0.004744678735733032,-0.0013653486967086792,0.009133487939834595,-0.0008464008569717407,0.0005560815334320068,-0.005173146724700928,7.483363151550293e-05,-0.010369084775447845,-0.0017412304878234863,-0.0029882043600082397
36,-0.0020213648676872253,-0.0004058629274368286,0.00590398907661438,0.005773559212684631,0.0007695853710174561,-0.0015089958906173706,-0.004339739680290222,-0.014074310660362244,0.010865196585655212,-0.00013156235218048096,-0.003883145749568939,-0.0026565566658973694,0.0037343651056289673,0.005482181906700134,0.0019915252923965454,0.0005903095006942749,-0.0009879916906356812,0.0025165602564811707,0.0029592737555503845,0.0008725523948669434,0.0010472238063812256
37,-0.0035298317670822144,0.00015969574451446533,-0.002043582499027252,0.02593167871236801,0.00116749107837677,0.001473546028137207,-0.006330542266368866,-0.001960471272468567,0.0011463761329650879,-0.0003794655203819275,0.0004153698682785034,-0.001950085163116455,0.004020713269710541,0.0015614032745361328,0.001811385154724121,-0.0007832571864128113,0.0006005614995956421,0.0004032924771308899,0.004890084266662598,0.003277912735939026,0.0038929283618927
38,0.002816706895828247,0.0037547871470451355,-0.0011069178581237793,-0.003422155976295471,-0.0024536550045013428,0.0009960979223251343,-0.005245685577392578,0.00646229088306427,0.0007186681032180786,0.0016273856163024902,-0.004795201122760773,0.0001863241195678711,0.00024136900901794434,0.004023343324661255,-0.004456773400306702,-8.796155452728271e-05,0.002186492085456848,0.0002702176570892334,0.0034849345684051514,-0.0016149356961250305,-0.0036763399839401245
39,-0.002539902925491333,-0.0011030137538909912,-0.0029859021306037903,0.01368837058544159,-0.002518855035305023,0.00010628998279571533,0.003568097949028015,0.0018987953662872314,0.003512546420097351,-0.00033932924270629883,-0.0028075948357582092,-0.00036785006523132324,0.0018160566687583923,-0.012187346816062927,-0.00613817572593689,-0.0003288537263870239,0.0005702972412109375,-0.002477087080478668,-0.006373167037963867,-0.0038617700338363647,-0.004460729658603668
40,-0.00230368971824646,9.912252426147461e-05,-0.0007971972227096558,0.00710904598236084,0.002246960997581482,1.8283724784851074e-05,0.00255575031042099,-0.017325125634670258,-0.0020322799682617188,0.0005681291222572327,-0.0012024492025375366,-0.00193844735622406,-0.0012714564800262451,-0.007915765047073364,0.0038902759552001953,0.00034296512603759766,-0.00028993189334869385,-0.001686297357082367,0.0034469813108444214,0.003862529993057251,-8.052587509155273e-05
41,0.00022526085376739502,0.002360999584197998,-0.0022003352642059326,0.015077486634254456,0.0007978081703186035,-0.00808243453502655,-0.0009956955909729004,0.01551758497953415,0.004229024052619934,0.00016520917415618896,0.0011741816997528076,0.0007498562335968018,-0.001137271523475647,-0.010069146752357483,0.004839412868022919,0.0019944533705711365,-0.0005955696105957031,-0.001028798520565033,0.0031471699476242065,0.00292813777923584,-0.0013145804405212402
42,0.003947041928768158,-0.0005418211221694946,0.002360716462135315,0.013466812670230865,1.1712312698364258e-05,-0.0030927136540412903,-0.000890195369720459,0.016364552080631256,0.00030112266540527344,-0.0011442005634307861,-0.0007621496915817261,0.0019321069121360779,0.0017521828413009644,0.0029266774654388428,-0.0032493770122528076,-0.001171402633190155,0.0005415827035903931,0.0005286633968353271,0.0026208385825157166,0.010562747716903687,0.009464025497436523
43,-0.0029015690088272095,-0.00016782432794570923,-0.00021685659885406494,0.0011636614799499512,-0.002710886299610138,0.001407429575920105,0.0028068944811820984,0.0006302446126937866,-0.002589121460914612,0.0005118250846862793,-0.0006178319454193115,0.000697016716003418,0.002875030040740967,-0.0023471415042877197,0.00045154988765716553,-0.0008629932999610901,-0.0006407871842384338,-0.0020492970943450928,6.821006536483765e-05,-0.0004992261528968811,-0.005594849586486816
44,-0.0010467171669006348,-0.0015693306922912598,-0.0028858333826065063,-0.0091124027967453,-0.0017436444759368896,-0.0016295015811920166,-0.005192078649997711,0.0046686530113220215,0.0013595372438430786,0.0007462203502655029,-0.00040127336978912354,0.0015059560537338257,0.0017242878675460815,-0.0030676424503326416,0.0027513504028320312,7.133185863494873e-05,-0.00018462538719177246,-0.0004879310727119446,0.001070648431777954,0.00238037109375,0.0036309361457824707
45,-0.003215983510017395,0.00023715198040008545,-0.0021563172340393066,-0.000770077109336853,-0.0012745410203933716,-0.0008027404546737671,-0.0008494406938552856,0.00603136420249939,0.005663588643074036,0.0005523562431335449,0.0033612102270126343,0.0021756738424301147,0.009229779243469238,-0.0008063167333602905,0.001190274953842163,-0.0005106925964355469,-0.00034371018409729004,0.00045581161975860596,0.005279764533042908,0.0028820931911468506,0.001141570508480072
46,0.0011628791689872742,-4.890561103820801e-05,-0.0033875852823257446,0.0034771710634231567,-0.0014992281794548035,-0.0046278685331344604,0.009450070559978485,-0.0038223713636398315,0.0026098638772964478,-0.0002886727452278137,0.00016485154628753662,0.004627302289009094,0.0010160505771636963,0.004127085208892822,0.0022749528288841248,0.0003239437937736511,-0.002144157886505127,-0.0015785843133926392,0.008801043033599854,-0.002183668315410614,-0.0013049542903900146
47,-0.002300634980201721,0.0016414448618888855,-7.954239845275879e-05,0.011093586683273315,0.0016976073384284973,-0.00490589439868927,0.0022839829325675964,-0.014119848608970642,0.0014585405588150024,0.000622384250164032,-0.0009319186210632324,-0.0025875046849250793,0.0011043697595596313,0.002394944429397583,-0.001391783356666565,-0.0007316991686820984,-0.0008801743388175964,-0.00020079314708709717,0.005084484815597534,-0.002542153000831604,0.0021424144506454468
48,-0.0019419491291046143,0.0015137940645217896,0.0019522234797477722,0.007836714386940002,-0.0015933513641357422,-0.00027079880237579346,0.00048217177391052246,0.0007670074701309204,-0.0010732859373092651,-0.0017875432968139648,0.0003137737512588501,-0.0007116422057151794,-0.00710083544254303,0.0005392283201217651,-0.009525954723358154,0.002551838755607605,-0.0013063549995422363,-0.0010563656687736511,0.00039599835872650146,0.0012714415788650513,-0.002843230962753296
49,-0.006362110376358032,-0.0006909370422363281,0.002103075385093689,-0.0018663778901100159,-0.0028125345706939697,-0.0037227198481559753,0.0025567635893821716,-0.01735226809978485,0.008946433663368225,0.0005075186491012573,0.0014979392290115356,0.0013210251927375793,0.002746492624282837,-0.020169124007225037,-0.0046928077936172485,0.0011543110013008118,0.0007738769054412842,-0.0010713934898376465,0.0018177032470703125,-0.0010789930820465088,-0.00218808650970459
50,0.0018308833241462708,0.0026994943618774414,-0.0006677508354187012,0.006715059280395508,-0.0011283382773399353,0.004032805562019348,0.006208464503288269,0.0057843029499053955,-0.000992216169834137,0.0014746412634849548,-5.3256750106811523e-05,-0.0009056627750396729,-0.0012954175472259521,-0.017999008297920227,0.006175249814987183,-0.0004924237728118896,-0.0008539259433746338,0.0011633262038230896,-0.005405955016613007,0.0031306445598602295,0.0020261555910110474
51,0.0016093626618385315,0.0001230984926223755,-0.0006113350391387939,0.0012422353029251099,-0.0009190142154693604,-0.0008983314037322998,-0.0067972466349601746,0.01065795123577118,-0.00646180659532547,0.0006580054759979248,0.0038482993841171265,0.0006969720125198364,0.006793849170207977,-0.0009399056434631348,-0.0005122274160385132,0.0011726468801498413,-0.0014634504914283752,-0.0005230754613876343,-0.003918752074241638,-0.0013052672147750854,0.006729833781719208
52,-0.0021497905254364014,-0.001955658197402954,-0.0027062222361564636,0.003985196352005005,0.00011581182479858398,0.0018392875790596008,-0.005036003887653351,-0.004311844706535339,0.00514356791973114,0.0005940496921539307,0.0062557607889175415,0.0018129870295524597,0.0008572190999984741,-0.006935447454452515,-0.00799957662820816,-0.0012289434671401978,-8.624792098999023e-05,-0.0016628727316856384,0.0008098632097244263,0.005904309451580048,-0.0006265938282012939
53,-0.0013037100434303284,-0.0021317675709724426,0.0006185621023178101,0.007498562335968018,-0.0015770047903060913,-0.0010754838585853577,0.003340214490890503,-0.0033232271671295166,-0.0022466182708740234,-0.00044407695531845093,0.00043921172618865967,0.0021881014108657837,6.705522537231445e-06,-0.012359388172626495,0.000712960958480835,-0.0003138631582260132,-3.170967102050781e-05,-0.0009008720517158508,-0.003397151827812195,-0.0006629377603530884,-0.0049123615026474
54,-0.002114921808242798,0.000767439603805542,-1.1667609214782715e-05,0.010049104690551758,0.0018460080027580261,0.0016199424862861633,0.0037913545966148376,-0.0048382580280303955,0.0037841126322746277,0.0011470317840576172,-0.002769783139228821,0.003775477409362793,-0.0010967105627059937,0.00572773814201355,0.0036050528287887573,0.00047735869884490967,0.0009336918592453003,0.0007607787847518921,0.0011648982763290405,-0.0007560849189758301,0.0057814642786979675
55,0.001958116888999939,2.5779008865356445e-05,-0.0020914748311042786,0.012264952063560486,0.0012789666652679443,-0.005339764058589935,-0.004400923848152161,0.0005834698677062988,0.002301454544067383,0.000523202121257782,0.0014514923095703125,0.0017527714371681213,0.0005029439926147461,0.008958086371421814,-0.005811221897602081,-0.001898936927318573,0.00013968348503112793,0.00029224157333374023,-0.0035261064767837524,0.001751929521560669,0.00014325976371765137
56,-0.003009125590324402,0.0027656927704811096,-0.0027996674180030823,0.008104734122753143,0.002016216516494751,0.0013959556818008423,-0.0003854483366012573,-0.013198807835578918,-0.0006424486637115479,0.0010353848338127136,-0.0009636878967285156,-0.00019215047359466553,-0.0003361254930496216,0.0015494823455810547,-0.0005656331777572632,-0.00020934641361236572,0.0004100725054740906,0.0012969970703125,-0.004931315779685974,0.004615709185600281,-0.0008444115519523621
57,-0.006396114826202393,0.0009758695960044861,0.004089526832103729,-0.008403748273849487,-0.004782557487487793,-0.0004954934120178223,0.0014326125383377075,0.0023399442434310913,-0.0032479017972946167,0.0002674311399459839,0.0036675333976745605,-0.0010862350463867188,-0.0012086033821105957,0.005508065223693848,-0.0012086331844329834,0.0004213303327560425,-0.0017498508095741272,-0.0007808208465576172,0.0004977956414222717,-0.0038814693689346313,0.0001570284366607666
58,-0.0043950155377388,0.004024319350719452,0.00033427774906158447,0.007112510502338409,-0.0028548091650009155,-0.00030118227005004883,0.004893109202384949,-0.006058439612388611,0.0021155178546905518,0.0010192468762397766,0.00025545060634613037,0.0007580742239952087,-0.0005863606929779053,0.007094025611877441,0.00017346441745758057,-0.0014730915427207947,0.001064598560333252,-0.0011727139353752136,-0.0018653571605682373,0.0010232925415039062,8.86768102645874e-05
59,0.0012596622109413147,-0.0006815865635871887,-0.002473093569278717,0.011162161827087402,-0.0024818256497383118,0.002463221549987793,-0.002447172999382019,-0.012497469782829285,0.005032241344451904,5.0514936447143555e-06,-0.0016877055168151855,-0.00045599788427352905,0.007261887192726135,-0.00115203857421875,0.0021791011095046997,0.00035800039768218994,-0.0036076903343200684,0.0007395744323730469,-0.0007544159889221191,0.002879396080970764,0.0006401091814041138
60,-0.0015977472066879272,-0.0008015856146812439,0.0022170841693878174,-0.00035344064235687256,-0.002465255558490753,-0.0030974745750427246,-0.0003731250762939453,-0.014661476016044617,0.004428893327713013,-4.010647535324097e-05,0.0012120828032493591,-0.0038811787962913513,-0.0031548291444778442,0.0009379684925079346,-0.0006705373525619507,0.0007422119379043579,-0.0005410313606262207,7.384270429611206e-05,-0.002749107778072357,0.0023008733987808228,0.0005323439836502075
61,-0.0038933604955673218,-3.361701965332031e-05,0.006548300385475159,0.0014510154724121094,0.0003566145896911621,6.718933582305908e-05,-0.0012489855289459229,0.0008214712142944336,0.004227757453918457,0.0005510672926902771,0.0017975345253944397,0.0007424056529998779,-0.005032449960708618,0.001172676682472229,0.0020269453525543213,0.0006298869848251343,-8.498132228851318e-05,-4.537403583526611e-06,0.0014228671789169312,-0.0007860064506530762,-0.000627472996711731
62,0.0029517561197280884,0.00257207453250885,-0.001928478479385376,0.00017940998077392578,0.0011660009622573853,-0.0012388825416564941,-0.0005351603031158447,0.010986410081386566,0.0005922317504882812,0.0005289912223815918,0.0004879683256149292,0.0028388723731040955,0.0003288090229034424,0.0002500861883163452,-0.0008950084447860718,0.002276770770549774,-0.00302780419588089,-0.0010745152831077576,0.0023204833269119263,-0.00436045229434967,-0.004913344979286194
63,-0.0031768083572387695,0.0008301138877868652,-0.00038595497608184814,-0.007342144846916199,0.002066977322101593,0.0035433918237686157,-0.004511624574661255,-0.007160887122154236,-0.00925099104642868,-0.001371912658214569,0.002553693950176239,-0.0016100183129310608,0.0016255229711532593,-0.019141338765621185,0.0017421543598175049,-8.45193862915039e-05,-0.00310555100440979,-7.56680965423584e-05,0.000557437539100647,0.00482022762298584,-0.0008779913187026978
64,-0.0023739486932754517,-0.0016899704933166504,0.002461165189743042,-0.0016766190528869629,0.0005790218710899353,-0.0019853338599205017,0.0008107274770736694,-0.009107857942581177,-0.0007032006978988647,0.0013798326253890991,-0.0023635029792785645,0.003176063299179077,-0.005904093384742737,-0.0009146630764007568,0.005181930959224701,0.0007372349500656128,-0.00019234418869018555,0.0010131299495697021,0.0050079673528671265,0.0010932236909866333,-0.005580231547355652
65,0.00023768842220306396,0.0015438497066497803,0.0032111629843711853,-0.011181667447090149,-0.0013781189918518066,0.003519505262374878,-0.0017692744731903076,-0.013557031750679016,0.0039603933691978455,0.0005779266357421875,-0.0003319978713989258,-0.0004939287900924683,-0.00010789930820465088,0.006654396653175354,0.000318378210067749,-0.001155160367488861,0.0021133944392204285,-0.00029224157333374023,-0.0031867921352386475,-0.0005823522806167603,-0.0065489038825035095
66,-0.0010151118040084839,-0.00407564640045166,0.0027182772755622864,0.012085065245628357,0.0010020583868026733,-0.0023606419563293457,-0.0004089623689651489,0.009074687957763672,0.005843073129653931,-0.0004746466875076294,-0.0026961714029312134,0.0034195929765701294,0.0008599013090133667,-0.012049056589603424,0.0027390122413635254,-0.0012059956789016724,-0.00026895105838775635,-0.001667305827140808,0.0037913769483566284,0.008939601480960846,-0.003929823637008667
67,-0.0037550777196884155,0.0015073791146278381,0.004500724375247955,0.010627590119838715,0.0016135647892951965,-0.000761762261390686,-0.005818448960781097,0.01877211034297943,0.007481664419174194,-6.014108657836914e-05,0.0006426423788070679,-0.00010038167238235474,-0.003970608115196228,-0.00479377806186676,0.0017044246196746826,0.00035993754863739014,0.0018779486417770386,-0.0026470720767974854,-0.0013020262122154236,-0.0007537230849266052,0.0034338459372520447
68,-0.003452293574810028,-0.0008085295557975769,-0.004936479032039642,-0.00845499336719513,-0.0021207407116889954,0.007509201765060425,0.002296745777130127,-0.01271374523639679,0.0072069913148880005,-0.0008647441864013672,-0.003023706376552582,0.0034982040524482727,0.000315248966217041,-0.002169385552406311,0.002520032227039337,0.00031197071075439453,0.0009902045130729675,-0.00015823543071746826,0.00041925162076950073,0.0008731186389923096,-0.0016590207815170288
69,-0.0037560388445854187,-5.091726779937744e-05,-0.003381006419658661,0.008446700870990753,-0.005280099809169769,-0.001421898603439331,0.005228698253631592,0.0018555521965026855,0.0026518255472183228,0.00024984776973724365,0.00011292099952697754,0.001508079469203949,0.00603359192609787,-0.004183545708656311,-0.004534244537353516,-0.004970565438270569,-0.0028037801384925842,-0.001041799783706665,0.0013797134160995483,0.002186104655265808,-0.003750450909137726
70,-0.0038470253348350525,0.0002951771020889282,0.001999005675315857,0.0056291744112968445,-5.2265822887420654e-05,0.0029546841979026794,0.0022793561220169067,-0.022232189774513245,0.001994311809539795,0.0004572570323944092,0.001381203532218933,5.751848220825195e-05,-0.0014097541570663452,0.004767969250679016,-0.000303119421005249,0.00025675445795059204,-0.0031350255012512207,0.0006640627980232239,0.0069882795214653015,0.0017523020505905151,-0.0004472285509109497
71,0.002697296440601349,-0.002537086606025696,0.0010820478200912476,-0.006269112229347229,-0.00024656206369400024,0.0033207982778549194,0.00032629072666168213,-0.019895002245903015,-0.001455932855606079,-0.0006326809525489807,0.003370925784111023,0.0006791949272155762,0.0019713491201400757,0.004658505320549011,0.0010181963443756104,0.002210967242717743,0.0008549541234970093,0.0008707493543624878,0.0010026171803474426,-0.0056014955043792725,-0.006513170897960663
72,-0.0009868890047073364,-0.0014808475971221924,-0.00022861361503601074,0.01982273906469345,-0.0013567134737968445,0.0008305013179779053,0.004551269114017487,-0.0021040141582489014,0.010650336742401123,0.0008786618709564209,-0.001187354326248169,0.0022676438093185425,-0.004159033298492432,0.002654030919075012,-0.0028924494981765747,0.0008193105459213257,0.0014907270669937134,-0.0003071203827857971,0.0015192404389381409,0.002447262406349182,0.009378917515277863
73,0.003284461796283722,0.0018118172883987427,-0.0046936944127082825,0.010941848158836365,0.0017673671245574951,0.004090636968612671,-0.00617285817861557,-0.005803629755973816,0.002037927508354187,-2.1532177925109863e-05,-0.0013249889016151428,-0.000460892915725708,-0.002229541540145874,0.0022025704383850098,0.006025940179824829,8.974969387054443e-05,0.0008676573634147644,-0.0015289783477783203,-0.0004923567175865173,-0.0008924752473831177,-0.00038370490074157715
74,-0.003170713782310486,0.0003623291850090027,-0.0016695410013198853,0.00502072274684906,-0.002440541982650757,0.0045057013630867004,-0.0016122162342071533,-0.008144304156303406,0.00628778338432312,0.0003286600112915039,-0.0003650784492492676,5.523860454559326e-05,0.00452539324760437,-0.0044049546122550964,-0.0005730092525482178,0.0018114075064659119,0.0013679563999176025,-0.0015786141157150269,-0.00410345196723938,-0.0038588345050811768,0.0027665793895721436
75,-0.006929740309715271,-0.0012754052877426147,-0.0022326409816741943,-0.007687568664550781,-0.0006234720349311829,0.003763735294342041,0.0015273988246917725,0.0010427534580230713,0.002490788698196411,-0.0001558065414428711,-0.0019141435623168945,0.0008943229913711548,0.00790879875421524,-0.01463976502418518,0.0037664398550987244,-0.0002580881118774414,0.00017563998699188232,-0.0004188716411590576,-0.0030055269598960876,-0.0009621679782867432,-0.002950131893157959
76,0.001536734402179718,-0.0009655281901359558,-0.0014395862817764282,0.0010042190551757812,-0.0001837611198425293,0.0012404322624206543,-0.0033513233065605164,-0.000630110502243042,-7.557868957519531e-05,-0.00013472139835357666,-0.002491571009159088,0.0004260316491127014,-0.0024805888533592224,0.006223395466804504,-0.007542558014392853,-0.0016112923622131348,0.0021764039993286133,-0.0013849064707756042,-0.002311624586582184,-0.0012679249048233032,0.0023397058248519897
77,-0.0017112791538238525,0.0013447776436805725,-0.0032537057995796204,0.0022052228450775146,-0.0035762563347816467,-0.004122979938983917,-6.45071268081665e-05,-0.00513593852519989,0.0026885569095611572,-0.000593528151512146,-0.0012497007846832275,-0.000485837459564209,0.0013477429747581482,-0.01672186702489853,-0.0015243664383888245,-0.0010058432817459106,-0.0003600120544433594,7.18832015991211e-05,-0.0011118501424789429,0.006022006273269653,-0.0017273277044296265
78,0.0007720664143562317,0.00017940998077392578,-0.000896647572517395,0.009428739547729492,0.0014717578887939453,-0.0015966445207595825,0.007930800318717957,-0.015842661261558533,-0.0022974759340286255,-0.0013858824968338013,-0.0008131712675094604,-0.0018716156482696533,0.004555210471153259,-0.008871838450431824,0.0038999617099761963,-0.000858113169670105,-9.815394878387451e-05,-0.0011979788541793823,0.004294902086257935,0.005703754723072052,-0.0006028711795806885
79,-0.001017063856124878,-3.7044286727905273e-05,0.0005638301372528076,-0.015856347978115082,0.0001876354217529297,-0.0009945407509803772,0.001204460859298706,-0.022802188992500305,-0.005493268370628357,0.0008958727121353149,0.00199340283870697,0.002093389630317688,-0.0013182461261749268,-0.004367947578430176,0.00018249452114105225,0.001848749816417694,-0.0012650638818740845,-0.0029077306389808655,0.0005514472723007202,0.0063982754945755005,-0.003931514918804169
80,-0.0017760246992111206,-0.000262334942817688,0.005861252546310425,0.0130605548620224,-0.0028529614210128784,0.002321019768714905,0.0006335228681564331,0.009688988327980042,0.004296138882637024,0.001226663589477539,0.0008027777075767517,-0.0009466782212257385,0.004101477563381195,0.008105769753456116,-0.0012613385915756226,-0.0002594366669654846,0.0004610121250152588,0.0007987692952156067,0.003824867308139801,-8.764863014221191e-05,0.005441531538963318
81,-0.0011952519416809082,-0.0026566386222839355,0.0002069324254989624,0.0003491342067718506,-0.0016521364450454712,0.0035928189754486084,0.004553675651550293,0.0034235864877700806,0.006719015538692474,0.00023978948593139648,-0.003916516900062561,0.0007451921701431274,-0.002274848520755768,-0.000600278377532959,-0.00031666457653045654,0.0010684579610824585,0.001056283712387085,7.711350917816162e-05,-0.0005874037742614746,0.0015292912721633911,-0.0021983087062835693
82,-0.0028295591473579407,-0.002570822834968567,-8.849799633026123e-05,-0.0074253082275390625,0.0001523047685623169,-0.003528803586959839,-0.0012245997786521912,0.004193142056465149,-0.0020346492528915405,0.00037053972482681274,-0.002050638198852539,4.8100948333740234e-05,0.0006549209356307983,-0.0009141117334365845,0.00689900666475296,-0.0018530115485191345,0.0010703876614570618,0.0008284077048301697,-0.0037243887782096863,-0.00423421710729599,-0.007153868675231934
83,-0.001981884241104126,0.0007023066282272339,0.0014922618865966797,0.0074491724371910095,0.0009599924087524414,0.0029655396938323975,0.009484432637691498,-0.011026322841644287,-0.0015425235033035278,6.970763206481934e-05,-0.00010310113430023193,-0.0024515390396118164,-0.0007667094469070435,-0.018532276153564453,-0.0015426576137542725,0.0005612820386886597,-0.0014521926641464233,-0.0014598071575164795,-0.003915354609489441,-0.006201840937137604,0.007201753556728363
84,-0.003390952944755554,1.4826655387878418e-05,0.0028617605566978455,-0.0034107789397239685,-0.0006771907210350037,-0.003593340516090393,-0.010635823011398315,-0.0015757083892822266,0.0028192251920700073,0.00043326616287231445,-0.00022460520267486572,0.0009285435080528259,-0.004389628767967224,-0.006275862455368042,-0.0002584904432296753,-0.0010507255792617798,-0.00016945600509643555,-0.0017593130469322205,0.005613960325717926,0.0072844624519348145,6.86347484588623e-05
85,-0.0017857402563095093,0.0009017214179039001,-0.002743050456047058,7.180869579315186e-05,0.00019221752882003784,0.0016843676567077637,0.011166222393512726,0.018103808164596558,0.0034392625093460083,0.0006546974182128906,0.00037869811058044434,-0.0028574764728546143,-0.00559321790933609,-0.0032828450202941895,0.002422042191028595,0.0001047179102897644,0.0011571645736694336,-0.002221532166004181,-0.0031719058752059937,0.00032061338424682617,0.0031723827123641968
86,-2.6211142539978027e-05,-0.0007769763469696045,-0.00431659072637558,-0.005107477307319641,-0.001556582748889923,0.002511739730834961,0.004742860794067383,-0.010624557733535767,0.0035021305084228516,0.0013531744480133057,0.001451447606086731,0.0024381205439567566,0.001514241099357605,0.009196922183036804,-0.00034303218126296997,-0.00020059943199157715,-0.002471618354320526,-0.0007939413189888,0.002152055501937866,8.150935173034668e-06,-0.0026506781578063965
87,-0.00278569757938385,-0.0001508668065071106,0.0009038001298904419,0.00892387330532074,-0.0002294480800628662,0.002450890839099884,-0.004532940685749054,-5.9738755226135254e-05,0.008614316582679749,0.0011966228485107422,-0.0009835436940193176,-0.0011511966586112976,-0.003170698881149292,-0.010689347982406616,-0.0011898130178451538,-0.002322569489479065,-0.0004210621118545532,0.0005180463194847107,-0.004264809191226959,0.006173744797706604,-0.0010867863893508911
88,-0.0019486993551254272,-0.0009524226188659668,-0.00471729040145874,0.00011759251356124878,-0.0012398362159729004,-0.00206543505191803,0.0007429942488670349,0.0007570087909698486,0.004337519407272339,-0.0010169371962547302,-0.000197678804397583,-0.001034379005432129,0.0001109689474105835,-0.014571234583854675,0.004953294992446899,-0.0016579926013946533,-0.0005880370736122131,0.0004042088985443115,0.002385765314102173,-0.0009359270334243774,-0.006408601999282837
89,-0.006633184850215912,-0.0020476356148719788,0.0020961835980415344,0.0007493197917938232,-0.002177596092224121,0.00029124319553375244,0.008348435163497925,0.010092869400978088,0.003153659403324127,-0.0001748800277709961,-0.002498254179954529,-0.0029930919408798218,-0.0036698654294013977,0.01695840060710907,0.0066859424114227295,-0.0002000182867050171,0.0013540834188461304,-0.00013184547424316406,-0.0003254637122154236,0.004694879055023193,-0.0040896981954574585
90,-0.0012743771076202393,-0.0002094358205795288,-0.0029024705290794373,0.013044632971286774,-0.0013815239071846008,0.0005395114421844482,-0.0022735074162483215,-0.01858539879322052,-0.004925578832626343,-0.0006116703152656555,-0.0015107840299606323,0.001263938844203949,0.00882287323474884,0.00043779611587524414,-0.005218543112277985,-0.0014410465955734253,-0.0009154826402664185,0.0009064450860023499,0.0015966594219207764,0.0020163655281066895,0.005406409502029419
91,-0.00487247109413147,-0.0012421980500221252,-0.00011217594146728516,0.024821065366268158,-0.0015761777758598328,-0.0031097233295440674,0.0024357810616493225,0.0004955381155014038,0.006921067833900452,-0.0005997642874717712,-5.930662155151367e-05,0.003493480384349823,0.0066366493701934814,-0.010100409388542175,-0.006689146161079407,0.0002595186233520508,0.0003971606492996216,-0.0009294897317886353,0.0006316900253295898,0.0025671273469924927,0.0029456019401550293
92,0.0006473958492279053,2.4706125259399414e-05,-0.005326084792613983,-0.006037205457687378,-0.0005352944135665894,0.0009660124778747559,-0.002382144331932068,-0.02399151772260666,0.005016162991523743,-0.000559292733669281,0.00010339170694351196,0.003371976315975189,-0.0030951574444770813,0.006202474236488342,0.0003386884927749634,0.00013013184070587158,-0.0003410354256629944,-0.0002153441309928894,-0.002970859408378601,-0.003599494695663452,0.007618360221385956
93,0.0007088780403137207,-0.0023844093084335327,0.0017843395471572876,-0.01893237978219986,1.7948448657989502e-05,-0.0005415230989456177,0.002499200403690338,-0.006597772240638733,0.004049837589263916,0.00010839104652404785,-0.00019182264804840088,-0.0020983219146728516,0.0041752830147743225,-0.005319252610206604,-0.0006302893161773682,0.0002797842025756836,-0.0018540620803833008,-0.0005847886204719543,-0.0008449554443359375,0.006745830178260803,0.002301231026649475
94,-0.0026636123657226562,-0.0006397292017936707,0.0015444159507751465,0.0054201483726501465,0.0005002915859222412,0.0003798753023147583,-0.004509523510932922,-0.002107754349708557,-0.0013479441404342651,0.0003418922424316406,-0.002395614981651306,0.00044467300176620483,-0.007959671318531036,0.0022685378789901733,0.004796452820301056,-0.001783616840839386,-0.000630110502243042,0.0014129653573036194,0.003615841269493103,0.0044969841837882996,-0.0026534050703048706
95,0.0037349462509155273,0.000593625009059906,-0.0001933276653289795,-0.0026136189699172974,0.0016089081764221191,0.0031324177980422974,-0.0037594810128211975,-0.014464356005191803,0.006045781075954437,0.0005640015006065369,0.00041203200817108154,0.0004616379737854004,-0.001895993947982788,0.008023343980312347,0.0025863349437713623,0.0007874295115470886,0.0016727298498153687,0.0005351528525352478,-0.0010876953601837158,0.0019666552543640137,-0.0029503703117370605
96,-0.0026691406965255737,0.0019152313470840454,-0.008242480456829071,-0.0068601518869400024,0.0032495632767677307,0.0014232620596885681,-4.6893954277038574e-05,-0.016033649444580078,0.003544330596923828,0.0010078996419906616,-0.001508556306362152,0.0016132146120071411,0.00034447014331817627,-0.007380962371826172,0.005194142460823059,-0.0001914873719215393,-0.0018914341926574707,0.0006984919309616089,-0.0004754364490509033,-0.0038831159472465515,-0.0026771128177642822
97,3.3855438232421875e-05,0.0020088031888008118,-0.001018330454826355,-0.0027515143156051636,-0.0038569942116737366,-0.003842651844024658,0.00018362700939178467,-0.0002881288528442383,-0.0026049166917800903,0.0005238354206085205,0.000710412859916687,-0.0004992112517356873,0.002189524471759796,0.004300698637962341,-0.004279322922229767,-6.759911775588989e-05,0.0014650002121925354,-5.517899990081787e-05,-0.0003009214997291565,0.0011743679642677307,0.0028611868619918823
98,-0.0015164762735366821,-0.0016545578837394714,-0.003956496715545654,-0.004287406802177429,0.001802094280719757,0.007415950298309326,0.007883444428443909,-0.014291062951087952,0.00665341317653656,-0.0012728050351142883,0.001368984580039978,0.0007232129573822021,-0.004664316773414612,0.012400791049003601,0.0030250102281570435,-0.001272253692150116,-0.0029088109731674194,-0.0005663260817527771,-0.002805754542350769,0.002195402979850769,0.0002215355634689331
99,-0.004050701856613159,-0.00041519105434417725,-0.001048654317855835,0.006322234869003296,-0.0005991384387016296,-0.002304978668689728,0.001202411949634552,-0.0017326325178146362,0.008741199970245361,-0.0006321966648101807,0.001674450933933258,0.0008571892976760864,-0.0026971399784088135,-0.013387501239776611,-0.0013684332370758057,-0.0005250796675682068,0.0003546178340911865,0.0010202676057815552,-0.00258442759513855,-0.0014202743768692017,-0.0014502108097076416
100,-0.0008887499570846558,0.0012428238987922668,0.0006326586008071899,0.011185020208358765,0.0002489611506462097,0.0018441751599311829,0.0014337152242660522,0.0003937631845474243,-0.005232512950897217,0.0009560957551002502,0.0014143437147140503,0.00015367567539215088,-0.006843931972980499,0.00794634222984314,-0.008597135543823242,-0.00016760826110839844,-0.0006088018417358398,-0.0014865696430206299,-0.0007355809211730957,0.002039402723312378,0.004684150218963623
101,-0.0035837069153785706,-0.0016456246376037598,-0.003151044249534607,0.020226679742336273,-0.003634721040725708,0.0006645768880844116,-0.004686415195465088,-0.00013564527034759521,0.0025915950536727905,0.00041766464710235596,-0.00188475102186203,0.001301199197769165,-0.0011053383350372314,-0.008175209164619446,0.001166120171546936,0.0024848058819770813,-0.0018046200275421143,-0.0006724447011947632,-0.003396958112716675,0.0072937533259391785,-0.0031963661313056946
102,-0.005450397729873657,-0.0009975731372833252,0.0009416490793228149,-0.01113271713256836,-0.00298435240983963,0.005204357206821442,0.0015987157821655273,0.017917200922966003,0.009790763258934021,-0.0007787346839904785,-0.0019498616456985474,0.0028715506196022034,0.006060108542442322,-0.001467481255531311,0.0012420862913131714,0.002049878239631653,0.00030815601348876953,-0.00028218328952789307,-0.00186128169298172,-0.001652047038078308,-0.004767909646034241
103,0.0008402839303016663,-0.0011742636561393738,-0.002244412899017334,0.021634019911289215,0.00369194895029068,0.0028217732906341553,-0.0013356059789657593,-0.01953159272670746,8.887052536010742e-05,-4.811584949493408e-05,-0.0016511231660842896,-0.00034609436988830566,0.0012213289737701416,-0.0032404065132141113,0.003321252763271332,-0.00038601458072662354,0.00022983551025390625,-0.00011957436800003052,0.00722571462392807,0.0012179464101791382,-0.0016224086284637451
104,-0.001040145754814148,-0.0007613003253936768,-0.002911284565925598,0.01597757637500763,-0.0036237090826034546,0.0063931867480278015,0.010484293103218079,0.004794679582118988,0.0022322088479995728,-0.00034996122121810913,0.001332804560661316,0.0011629760265350342,-0.0064271241426467896,-0.0019391030073165894,-0.005650356411933899,-0.0009215697646141052,-0.00025157630443573,0.00030130892992019653,-0.0033778175711631775,-0.007667139172554016,-0.0021770894527435303
105,-0.005889244377613068,-0.0007982626557350159,0.0009856820106506348,-0.00019653141498565674,-0.0005764961242675781,0.0019921958446502686,-7.411092519760132e-05,-0.005426451563835144,0.008853591978549957,0.0011211559176445007,-0.00020666420459747314,0.0029236450791358948,-0.0012807399034500122,-0.01692122220993042,-0.006999887526035309,-0.0006697177886962891,0.0003635138273239136,-0.0020324289798736572,-0.00879252701997757,0.0018525272607803345,0.001580163836479187
106,-0.0027109384536743164,7.315725088119507e-05,0.002289026975631714,0.002256631851196289,1.3425946235656738e-05,0.007798038423061371,-0.0019267648458480835,0.005726352334022522,0.012276902794837952,0.0011327117681503296,-0.003887452185153961,0.00045914947986602783,-0.0005398839712142944,-0.006901487708091736,0.0016518086194992065,-3.814697265625e-05,-0.0007095485925674438,-0.0023322179913520813,0.0015257000923156738,0.003929704427719116,-1.0356307029724121e-05
107,-0.0028570592403411865,0.0016444474458694458,-0.005507625639438629,0.009189426898956299,0.001135207712650299,-0.00257033109664917,0.00393512099981308,0.007245913147926331,0.005528874695301056,0.0006290823221206665,0.0032869428396224976,-0.0011428669095039368,0.001394912600517273,0.006718359887599945,0.0008001774549484253,0.0012066662311553955,0.00035081803798675537,-0.0008619427680969238,-0.002207130193710327,0.008031554520130157,-0.004323340952396393
108,0.0008617788553237915,-0.001142069697380066,0.0045636966824531555,0.022214435040950775,-0.0020947232842445374,0.001354411244392395,0.00614398717880249,-0.003812447190284729,0.0008182227611541748,7.858872413635254e-05,0.0016174018383026123,-0.0023073628544807434,-0.00910777598619461,0.011421889066696167,0.00977449119091034,-0.0007539168000221252,-0.0020341724157333374,0.0003948286175727844,0.005465880036354065,0.0053532421588897705,0.001584663987159729
109,-0.00704289972782135,-0.0007087141275405884,-0.004702411592006683,0.00541667640209198,-0.0028868764638900757,-0.00188349187374115,0.006910353899002075,0.00473274290561676,0.0021787136793136597,-6.619095802307129e-05,0.0030150040984153748,0.0002697408199310303,-0.0015533864498138428,0.015459656715393066,-0.00012967735528945923,-0.0008991509675979614,-0.00013086944818496704,-0.0011051446199417114,-0.006424106657505035,0.0073016732931137085,-0.0019383430480957031
110,-0.0012399256229400635,0.002008013427257538,0.001973100006580353,-0.0031392425298690796,-0.00043892860412597656,0.000232011079788208,-0.0021269023418426514,-0.004016444087028503,0.00048623979091644287,0.0011571720242500305,-0.0013622641563415527,0.0008566081523895264,-0.008150801062583923,0.002132922410964966,0.002729177474975586,-0.0011194199323654175,0.0013235509395599365,0.0011921226978302002,0.0016666650772094727,0.007239729166030884,0.003284081816673279
111,-0.0020389705896377563,-0.0008094161748886108,-0.002206578850746155,0.0008529648184776306,0.0019768327474594116,0.0013760775327682495,-0.0005649179220199585,0.0034406185150146484,0.010613694787025452,-0.00013369321823120117,-0.0002785325050354004,-0.0007616579532623291,0.004438847303390503,0.008302062749862671,-9.872019290924072e-05,-0.0017078965902328491,-0.0002844184637069702,-0.0003658086061477661,-0.000410325825214386,0.0015590041875839233,-0.002995632588863373
112,-0.0011408179998397827,0.00029017776250839233,-0.005544088780879974,0.00465179979801178,-0.00019944459199905396,0.0026318728923797607,-0.0025931745767593384,-0.005344405770301819,0.003926098346710205,0.0002986341714859009,-0.0014989003539085388,0.0007038116455078125,-0.004873014986515045,0.002925693988800049,-0.0009519606828689575,-0.00021876394748687744,-0.001048557460308075,0.0010035037994384766,4.1507184505462646e-05,-0.0005949437618255615,-0.0052795857191085815
113,-0.0021306872367858887,-0.0011323392391204834,0.0030135363340377808,0.0018851757049560547,0.0005003288388252258,0.0017249882221221924,-0.0027185529470443726,0.007489100098609924,0.004516467452049255,0.0001878589391708374,-0.0020133256912231445,0.0010856017470359802,-0.006863951683044434,-0.006938308477401733,0.001711040735244751,-0.0018249675631523132,0.00017420947551727295,-0.0035687312483787537,0.005690023303031921,0.005226925015449524,-0.005821794271469116
114,-0.002145908772945404,-0.0005094558000564575,0.0043805986642837524,0.004925668239593506,-0.000947415828704834,0.0008666962385177612,-0.0030430927872657776,-0.018253594636917114,-0.001046881079673767,0.0022725090384483337,0.0003543868660926819,-0.0005097687244415283,0.004660345613956451,0.004943922162055969,0.00083131343126297,0.0008974224328994751,0.001899421215057373,0.0008652582764625549,0.005617544054985046,-0.0018172338604927063,-0.0011920183897018433
115,0.0007901936769485474,-0.000767633318901062,-0.006352432072162628,-0.0074151307344436646,9.658932685852051e-05,-7.715821266174316e-05,0.005033545196056366,-0.013654857873916626,-0.0015977472066879272,0.0003274008631706238,0.0007856786251068115,0.0004232078790664673,0.0027069002389907837,0.014812260866165161,-0.0022362396121025085,-0.0007269158959388733,0.0014262348413467407,-0.0008733049035072327,-0.001113608479499817,0.0037817955017089844,-0.0052992478013038635
116,0.0008554160594940186,2.327561378479004e-05,-0.0023527443408966064,0.010005608201026917,-0.0008869022130966187,0.0021759718656539917,-0.00047665834426879883,-0.010212108492851257,0.001612246036529541,-0.001313433051109314,0.0012790858745574951,-0.0007427260279655457,-0.004361830651760101,-3.2767653465270996e-05,0.0022580772638320923,-0.0011390447616577148,0.0011932551860809326,-5.626678466796875e-05,-0.004159756004810333,0.005555510520935059,0.0013440251350402832
117,0.00043645501136779785,7.970631122589111e-05,0.0007432326674461365,-0.0005359649658203125,0.0001898258924484253,-0.0006901472806930542,0.0007609650492668152,-0.019182905554771423,-0.0025853514671325684,-0.00040590763092041016,-0.001955561339855194,0.002704530954360962,-0.00030590593814849854,-0.008343830704689026,-0.002753995358943939,-0.0005378499627113342,0.0018890872597694397,6.528198719024658e-05,0.002795204520225525,0.005248136818408966,-9.012222290039062e-05
118,7.928162813186646e-05,0.0006028413772583008,-5.295872688293457e-05,0.004993237555027008,0.0010110586881637573,0.0029305294156074524,0.0025287866592407227,0.009790018200874329,0.003019168972969055,0.0019793957471847534,-0.0015495121479034424,0.0022260695695877075,-0.0008305758237838745,0.004404991865158081,0.003851555287837982,-0.0004920661449432373,-0.0007746368646621704,0.0014412477612495422,-0.003966778516769409,0.0020394474267959595,-0.006665930151939392
119,6.113946437835693e-05,0.0003565102815628052,0.0018516778945922852,0.01361219584941864,-0.0009957700967788696,0.0009133517742156982,-0.0032868385314941406,0.009630948305130005,0.0006056427955627441,4.214048385620117e-05,0.0011797994375228882,-0.0025792941451072693,-0.0003431066870689392,0.001590043306350708,0.00798095017671585,-0.0011812150478363037,0.0006830096244812012,-0.00024219602346420288,0.005206122994422913,-0.00603378564119339,-0.002626180648803711
120,-0.0008577853441238403,0.0012480095028877258,0.0020787417888641357,-0.002025693655014038,-0.0008863210678100586,0.0013138651847839355,0.0058358460664749146,-0.010975867509841919,0.005698144435882568,0.0012300387024879456,-0.006905697286128998,0.0025648102164268494,-0.003569677472114563,-0.00640520453453064,-0.0008325427770614624,0.0006084516644477844,0.002611607313156128,0.0010406449437141418,0.0007978826761245728,-0.002137690782546997,0.003930576145648956
121,-0.0005541965365409851,0.00032813847064971924,-0.0019175857305526733,0.003905951976776123,-0.000866234302520752,-0.004746496677398682,-0.006996706128120422,0.0042105019092559814,0.0004957914352416992,0.00036607682704925537,-0.0004883110523223877,-0.0009250268340110779,0.0022238343954086304,0.0033863037824630737,0.007730200886726379,-0.0016112327575683594,-0.00044502317905426025,-0.0005851984024047852,-0.007045164704322815,0.003621421754360199,0.00395897775888443
122,-0.0014639347791671753,0.0014141425490379333,-0.0029865503311157227,-0.012365579605102539,-0.0024050474166870117,0.0009781867265701294,-0.0006681531667709351,0.0017986297607421875,-0.0043082088232040405,-0.0009207054972648621,0.0025189146399497986,-5.731731653213501e-05,-0.004010826349258423,0.0013348311185836792,0.0062808990478515625,0.00028426945209503174,-0.0004666149616241455,-0.0010323822498321533,0.0013349875807762146,-0.0015724897384643555,0.0007458478212356567
123,0.0006059929728507996,-0.0009627863764762878,-0.004774503409862518,0.0015419721603393555,-0.0010531842708587646,0.003662317991256714,0.004841260612010956,-0.01604767143726349,-0.004920989274978638,0.0004029273986816406,-0.0009066388010978699,-0.0015883222222328186,-0.00014916062355041504,0.0035267770290374756,-0.0016782432794570923,0.0013030767440795898,-0.00029490888118743896,-0.000440843403339386,0.010528355836868286,0.002806156873703003,-0.003842383623123169
124,0.0029291659593582153,0.0008572563529014587,-0.002840787172317505,0.023639440536499023,-0.00099945068359375,0.0023712441325187683,-0.006521843373775482,0.015795812010765076,-0.002123594284057617,-0.0015569552779197693,0.0003254711627960205,0.00030713528394699097,-0.002921581268310547,-0.004450276494026184,-0.00013561546802520752,0.0023154467344284058,0.0013969093561172485,0.0012238174676895142,0.0010447800159454346,-0.002500586211681366,0.0040160492062568665
125,-0.0008644610643386841,-0.0009395182132720947,-0.00022374093532562256,0.004297971725463867,3.5293400287628174e-05,0.00401441752910614,0.006871350109577179,-0.020122095942497253,0.0041754767298698425,-0.001488417387008667,-0.0050590187311172485,0.000356331467628479,0.004137769341468811,-0.003766000270843506,-0.0014005452394485474,0.002553492784500122,-0.0007931292057037354,0.0005978643894195557,-0.0012391582131385803,0.006489098072052002,-0.003839433193206787
126,0.000199049711227417,0.002168506383895874,0.0028617680072784424,-0.0006279796361923218,-0.001003175973892212,-0.001650199294090271,-0.001173451542854309,0.005304113030433655,0.006922341883182526,0.0005509629845619202,0.0007223188877105713,0.002763718366622925,0.0038667619228363037,-0.002574935555458069,0.0035985559225082397,0.0017954781651496887,-0.000883243978023529,0.0012050420045852661,-0.0050767213106155396,0.0039886608719825745,0.00027420371770858765
127,-0.002327248454093933,-0.000531613826751709,-0.000667870044708252,0.020243406295776367,0.0004304051399230957,0.0008453577756881714,-0.002392202615737915,0.00046879053115844727,0.006393224000930786,0.000636078417301178,0.0009759217500686646,-2.8446316719055176e-05,-0.00451226532459259,-0.006624132394790649,0.0006984695792198181,0.0006234496831893921,0.0003245025873184204,-0.0011928156018257141,-0.004713237285614014,0.0014852136373519897,0.002527199685573578
128,-0.0024616122245788574,-0.0012978538870811462,-0.0017109662294387817,0.00797341763973236,-0.0011700615286827087,0.005673304200172424,-0.0022860169410705566,0.003838375210762024,0.003063887357711792,1.5869736671447754e-05,0.001563049852848053,-0.0004051476716995239,-0.0037815123796463013,0.0021942555904388428,0.003676578402519226,0.00070982426404953,-0.00288458913564682,0.0007224082946777344,-0.0002765655517578125,0.0005397051572799683,0.007148280739784241
129,-0.0041687265038490295,-0.0011458918452262878,-0.0007418245077133179,-0.01368715614080429,0.00047370046377182007,-0.0014158785343170166,0.009549073874950409,-0.0025963783264160156,0.003972381353378296,0.0007130950689315796,0.0004317164421081543,4.312396049499512e-05,-0.0028826892375946045,-0.01147681474685669,-0.0031266435980796814,0.002393871545791626,-0.0015693381428718567,0.0010870099067687988,-0.0004078298807144165,0.009032487869262695,0.002298101782798767
130,-0.0029122456908226013,0.002459101378917694,0.0003539919853210449,0.013402223587036133,0.0007820799946784973,-0.0012089312076568604,0.0015845000743865967,0.0009682923555374146,0.010831870138645172,-0.0009721964597702026,0.000904768705368042,-0.001186951994895935,0.0005343705415725708,-0.010019160807132721,0.006507426500320435,-0.0028542205691337585,0.0004940330982208252,-0.0019501447677612305,0.000222817063331604,0.001525193452835083,-0.0016562342643737793
131,-0.0016515254974365234,0.0024274662137031555,-0.0011997371912002563,-0.011147662997245789,-0.0017698481678962708,0.0011617094278335571,-0.007348179817199707,-0.004718512296676636,-0.004837021231651306,-0.00014920532703399658,-0.0035353749990463257,-0.00236424058675766,0.005205385386943817,0.006435900926589966,-0.0008076280355453491,0.002923935651779175,-0.00023430585861206055,-0.0001109093427658081,-0.00412905216217041,0.00034740567207336426,0.003394290804862976
132,-0.003166884183883667,-0.0003348439931869507,0.0030825212597846985,-0.00019994378089904785,-3.208965063095093e-05,0.0016928166151046753,0.006550677120685577,0.011514872312545776,2.1398067474365234e-05,0.0007425099611282349,0.001797109842300415,0.002011820673942566,-0.0019688457250595093,-0.011911213397979736,0.004162602126598358,-0.003815479576587677,-0.001023218035697937,-0.002809286117553711,-0.00766262412071228,0.0018178969621658325,-0.0037608593702316284
133,0.0010400786995887756,-0.0015073120594024658,-0.000670894980430603,0.009864307940006256,-0.0010490193963050842,0.003377579152584076,-0.004352778196334839,-0.003175303339958191,0.0005638599395751953,-9.207427501678467e-05,0.0012457072734832764,-0.0038268566131591797,0.0009009242057800293,-0.004020035266876221,-0.0017913952469825745,0.0005746334791183472,0.00039586424827575684,0.0013308748602867126,0.005368337035179138,0.010373875498771667,-0.00046969950199127197
134,-0.0022050589323043823,-0.001033984124660492,-0.0008314326405525208,-0.00185374915599823,-0.00015385448932647705,-0.004868939518928528,-0.012724414467811584,0.00023832917213439941,-0.0008962750434875488,-0.00016980618238449097,0.0024861693382263184,-0.0010680854320526123,0.004680819809436798,0.00012977421283721924,0.0016337484121322632,0.001095019280910492,0.0006513297557830811,-1.5467405319213867e-05,-0.005522377789020538,0.0012615025043487549,-0.00252620130777359
135,-0.003270775079727173,0.0016391128301620483,-0.000241011381149292,0.002131149172782898,0.0008360520005226135,0.0014402419328689575,0.003732152283191681,-0.018536552786827087,-0.016786113381385803,-8.788704872131348e-05,-0.00028748810291290283,0.0029683485627174377,0.0007276982069015503,-0.008454784750938416,-0.0031890645623207092,0.002417325973510742,0.0006830394268035889,0.0008874088525772095,0.00237128883600235,0.006408900022506714,-0.005544938147068024
136,-0.0015031099319458008,-0.0019044876098632812,-0.005107656121253967,0.019317500293254852,0.0008836910128593445,0.0016826242208480835,0.005800232291221619,0.0019102990627288818,0.010945960879325867,-0.0004689842462539673,-0.000560075044631958,0.0017414093017578125,-0.0009823814034461975,-0.01153169572353363,-0.00023205578327178955,0.0005209445953369141,-0.00034940242767333984,0.0018590763211250305,0.001663506031036377,0.003040812909603119,0.0005610138177871704
137,0.003125123679637909,-0.001284778118133545,-0.004932485520839691,-0.0018668174743652344,-0.003098100423812866,-0.002209864556789398,0.0036926567554473877,-0.007806867361068726,-0.007833339273929596,0.001010604202747345,-0.00019250810146331787,0.0021042600274086,-0.003515802323818207,0.006739363074302673,-0.0035084858536720276,-0.003836609423160553,-0.0014164000749588013,0.0014878138899803162,0.002465754747390747,-0.0019851624965667725,-0.0028334110975265503
138,-0.0014221742749214172,-0.0006940141320228577,-0.001535072922706604,0.0030004382133483887,0.0008302032947540283,0.0005877315998077393,0.007285401225090027,0.01259373128414154,0.003912284970283508,-0.00046634674072265625,-0.00025115907192230225,0.0003459155559539795,0.007378928363323212,0.005109056830406189,-0.002090081572532654,-0.0008295625448226929,0.0024840086698532104,-0.0010379254817962646,0.001176789402961731,-0.003002941608428955,-0.0003377944231033325
139,-0.0015820413827896118,-0.0012030228972434998,0.0008179023861885071,-0.0024986714124679565,0.001963883638381958,0.0011096447706222534,-0.0038188472390174866,0.010977007448673248,-0.003890126943588257,-0.00029616057872772217,-0.00044064223766326904,-0.0005623847246170044,0.006149917840957642,0.000430867075920105,0.007832169532775879,-0.0006966292858123779,-0.0001424849033355713,0.0008033066987991333,0.0008182525634765625,-0.0010385066270828247,-0.0017225146293640137
140,-0.0028057992458343506,0.000222817063331604,-0.002079680562019348,0.005698300898075104,-0.00048619508743286133,0.0011065304279327393,0.007682740688323975,-0.012576371431350708,0.0047617703676223755,0.00038155168294906616,0.002998247742652893,0.00019396841526031494,0.0005509406328201294,0.0035543590784072876,0.002779752016067505,-0.0012275949120521545,-0.0014543235301971436,0.001678764820098877,-0.0037043243646621704,0.007803887128829956,-0.0036348700523376465
141,0.0022876858711242676,-0.0025059059262275696,-0.00013965368270874023,-0.009703710675239563,-0.0013304054737091064,4.3198466300964355e-05,-7.534772157669067e-05,0.006443187594413757,-0.00025576353073120117,0.0004082918167114258,-0.0006898641586303711,0.00016130506992340088,-0.002435848116874695,-0.011633723974227905,0.0024357587099075317,-4.4345855712890625e-05,-0.00043126940727233887,-0.0026528239250183105,0.002174161374568939,0.0007020384073257446,-0.004141062498092651
142,0.0017176046967506409,0.0037942826747894287,0.0012484118342399597,-0.00743536651134491,-0.0013573020696640015,0.000542372465133667,0.0010989010334014893,0.0015664994716644287,-0.000594794750213623,-0.0006226971745491028,-0.003045611083507538,0.001400671899318695,0.0008395165205001831,-0.004814565181732178,-0.004692286252975464,0.0009698495268821716,-0.0004092678427696228,-0.0017529502511024475,-0.0071085914969444275,0.0015250369906425476,0.002074986696243286
143,-0.001925051212310791,-0.001659594476222992,-0.004021905362606049,0.011049017310142517,0.0006496831774711609,0.0036117881536483765,-0.003433629870414734,-0.009031228721141815,0.0010593384504318237,-0.0008973851799964905,0.00212135910987854,0.0018117725849151611,0.00023812055587768555,0.0005459487438201904,0.005413740873336792,0.0002706944942474365,-0.00032111257314682007,-0.0004039555788040161,-0.0032830089330673218,0.0025400668382644653,-0.0008089393377304077
144,-0.0027556568384170532,0.0019489452242851257,-0.0031354129314422607,0.00020712614059448242,0.0003359764814376831,0.0011181086301803589,-0.000599786639213562,0.014671564102172852,0.00039526820182800293,-0.0018609389662742615,-0.002435237169265747,-0.0007388964295387268,-0.0019482225179672241,-0.009213477373123169,0.004115648567676544,-0.0016131028532981873,-0.0006375908851623535,-0.00011576712131500244,-0.0041381120681762695,-0.0015327632427215576,0.0005017071962356567
145,0.0006564855575561523,-0.0009836331009864807,-0.0011577233672142029,0.012803569436073303,0.0012984424829483032,-0.00043626874685287476,0.0026829466223716736,-0.008627042174339294,0.007824867963790894,0.0012207478284835815,0.0005424842238426208,0.0021843761205673218,-0.00017243623733520508,-0.004012957215309143,0.008943207561969757,-0.0036166608333587646,0.001854337751865387,-0.0015076696872711182,-0.0009110718965530396,-0.0002630501985549927,-0.003136157989501953
146,0.00016645342111587524,0.00102929025888443,0.000497281551361084,0.007602229714393616,0.0011770501732826233,-0.0004007667303085327,-0.004788577556610107,0.0033386200666427612,-0.0016256868839263916,8.650124073028564e-05,-0.002139456570148468,0.0011033564805984497,-0.0036167502403259277,-0.008369773626327515,-0.004640460014343262,0.0017636120319366455,-0.0023129433393478394,0.0024861618876457214,0.001515023410320282,0.0016941577196121216,-0.0021243691444396973
147,-0.00011860579252243042,-0.00036084651947021484,-0.0012677013874053955,-0.0065148621797561646,-0.0030466318130493164,1.8358230590820312e-05,-0.0034116432070732117,-0.0019482225179672241,0.013288483023643494,0.001205839216709137,-0.0010648667812347412,0.0034795552492141724,0.0036963671445846558,0.018764153122901917,-0.0007213503122329712,0.00015638768672943115,0.0004314035177230835,0.0021475180983543396,0.0037633776664733887,-0.0011960715055465698,-0.0020030736923217773
148,-0.0022682547569274902,0.0006583705544471741,0.0013187006115913391,0.003484189510345459,0.0029275864362716675,0.002177312970161438,-0.001277536153793335,-0.00947447121143341,-0.0003795027732849121,0.00023601949214935303,-7.824599742889404e-05,-0.0010082721710205078,-0.003434702754020691,-0.0057484060525894165,-0.00013318657875061035,0.0015157759189605713,0.001802101731300354,0.00039083510637283325,0.0006707161664962769,0.0037031620740890503,0.0013180971145629883
149,-0.0035077109932899475,0.0008681416511535645,-9.180605411529541e-05,-0.0016269087791442871,-0.0037713274359703064,0.003465309739112854,-0.010669462382793427,-0.0028861165046691895,-0.00832425057888031,0.0011435449123382568,0.0011880993843078613,-0.001652441918849945,0.006353996694087982,0.011382564902305603,0.00110558420419693,-0.001249171793460846,-0.0007718205451965332,-0.0013447850942611694,0.0022880658507347107,-0.0008936524391174316,-0.0013675093650817871
150,-0.00044567883014678955,-0.00043286383152008057,0.00031654536724090576,-0.0036741644144058228,-0.0005859136581420898,0.0022564083337783813,0.00414729118347168,-0.00538887083530426,-0.008357629179954529,-0.00014172494411468506,0.0028011351823806763,0.0035093575716018677,0.001582995057106018,0.0002700239419937134,-0.003585606813430786,-0.0049357786774635315,-0.0018044337630271912,-0.0022966116666793823,-0.004309199750423431,0.0002778768539428711,-0.0009277164936065674
151,0.0018341690301895142,0.001238808035850525,-0.0010788440704345703,-0.009850308299064636,-0.0010383427143096924,-0.004043735563755035,0.0055315494537353516,0.009173095226287842,0.0094633549451828,0.0018290802836418152,-5.5767595767974854e-05,-0.0011320710182189941,0.004464387893676758,-0.005696401000022888,-0.005402490496635437,-0.002120658755302429,0.0007220879197120667,-0.0006942301988601685,0.004526980221271515,0.0019690096378326416,0.004201263189315796
152,-0.0034791231155395508,0.000798538327217102,-0.0038802102208137512,-0.004670724272727966,-0.0007545426487922668,-0.0029702037572860718,0.0057003796100616455,-0.0007238835096359253,0.0009831488132476807,0.000444948673248291,0.001610778272151947,-2.27317214012146e-05,0.002382144331932068,-0.005132317543029785,0.0032506436109542847,-0.0025489330291748047,0.0014031827449798584,0.0002451986074447632,0.0033239275217056274,0.00041788816452026367,0.0008148699998855591
153,-0.004071556031703949,0.0031756311655044556,-0.002920493483543396,-0.0011586993932724,-0.00038051605224609375,-0.0008866339921951294,0.004949912428855896,0.011613249778747559,-0.001827239990234375,0.00023869425058364868,0.002064809203147888,0.0005617216229438782,0.0019485503435134888,-0.022908374667167664,0.002771139144897461,-0.0007785707712173462,-0.0023277029395103455,0.0013305693864822388,0.0027981996536254883,-0.0002370700240135193,-0.003308415412902832
154,0.0004188120365142822,-0.0008768662810325623,0.00067138671875,-0.005842328071594238,-0.002228379249572754,0.0027765482664108276,0.0021361559629440308,0.02048831433057785,0.0005460381507873535,0.0001293271780014038,0.0022721365094184875,-0.0005356669425964355,-0.001368790864944458,0.0036743879318237305,0.0035906583070755005,-0.00080157071352005,0.001439794898033142,-0.0029022470116615295,0.0017017945647239685,0.0006272196769714355,0.002931058406829834
155,-0.0022120028734207153,0.001399300992488861,0.0004231184720993042,-0.006787970662117004,-0.003630213439464569,0.004042565822601318,-0.0038121938705444336,0.0007247030735015869,-0.0028357505798339844,-1.815706491470337e-05,-0.003530353307723999,0.0025762543082237244,0.0010454952716827393,-0.009320959448814392,-0.006258614361286163,-0.00014150887727737427,-0.0027307942509651184,-0.0012446045875549316,0.005420655012130737,0.002345360815525055,-0.001313820481300354
156,0.00019845366477966309,-0.0015973076224327087,-0.0012335926294326782,0.013299539685249329,0.003928564488887787,0.003762476146221161,0.004037849605083466,0.013462468981742859,-0.0007055997848510742,-0.000744745135307312,0.0004972666501998901,0.001269608736038208,0.0015377253293991089,-0.006638050079345703,0.0054442062973976135,0.0027880147099494934,-0.0002882331609725952,-0.0007076263427734375,0.011200755834579468,0.0064979419112205505,-0.003796800971031189
157,0.0013663917779922485,0.0011050254106521606,-0.0018897056579589844,0.002297148108482361,0.0011574029922485352,-0.0011264234781265259,0.002568848431110382,0.00246545672416687,0.012509286403656006,-0.0007593631744384766,0.000673934817314148,0.0015138015151023865,-0.0010692775249481201,-0.018484406173229218,-0.0025333091616630554,-0.002059720456600189,0.0002994462847709656,-0.0009551644325256348,0.006122663617134094,-0.000348508358001709,-0.0011011213064193726
158,-0.0007854253053665161,0.0008623003959655762,0.0035864412784576416,-0.006928399205207825,-0.0041353777050971985,0.002372048795223236,0.002117268741130829,0.0077143460512161255,0.011101819574832916,-0.00018098950386047363,0.0003265589475631714,0.0010508596897125244,0.0005479305982589722,-0.006162673234939575,-0.0010885298252105713,-3.5315752029418945e-06,0.0005013346672058105,0.0001602768898010254,-0.0015683472156524658,0.0012320876121520996,0.0020041465759277344
159,-0.0024916082620620728,0.002628922462463379,-0.0007199943065643311,0.003643423318862915,-0.004332788288593292,0.0034704357385635376,-5.4448843002319336e-05,0.006407320499420166,-0.0019589513540267944,0.00124359130859375,0.0017713680863380432,0.0011202618479728699,-0.0031888335943222046,-0.0024837255477905273,0.001054123044013977,0.0033716708421707153,0.001582019031047821,-0.0001524314284324646,0.0016369819641113281,-0.0032474547624588013,0.0010376125574111938
160,-0.0030928701162338257,0.0007824674248695374,0.0022130757570266724,-0.018073670566082,-0.0004376024007797241,0.0024118348956108093,-0.011677257716655731,0.004918962717056274,0.012234866619110107,0.0007850527763366699,-0.002556711435317993,-0.0019506961107254028,0.002604380249977112,-0.004303008317947388,0.0008722543716430664,0.0001275092363357544,-0.0021629631519317627,0.0011904463171958923,-0.009072519838809967,0.0017307698726654053,-0.0029317885637283325
161,-0.0017069950699806213,-0.0001955181360244751,0.0008366554975509644,0.0029044002294540405,0.0006553232669830322,-0.0028025805950164795,0.0006058812141418457,-0.0010982751846313477,0.0033646970987319946,-0.0005823671817779541,-0.002874523401260376,0.0005308389663696289,0.007421143352985382,-0.0048878490924835205,0.0076522380113601685,0.00040258467197418213,-0.001203775405883789,0.0015532970428466797,-0.0015945583581924438,-0.0003861337900161743,-0.0036175698041915894
162,0.0013570412993431091,0.00218992680311203,0.0008034408092498779,-0.004101462662220001,-0.0012060701847076416,0.0063073113560676575,0.00899023562669754,-0.0050334632396698,-0.0006009936332702637,-0.00035102665424346924,0.002463988959789276,0.0010679885745048523,0.0011840015649795532,0.00965377688407898,-0.007596597075462341,-0.0005793571472167969,0.0015677586197853088,0.002756558358669281,0.003232419490814209,-0.0018174797296524048,0.0004080533981323242
163,-0.0014278143644332886,0.0015259385108947754,5.373358726501465e-05,0.0016131103038787842,0.0003041476011276245,0.0040802136063575745,0.0019100755453109741,-0.004194989800453186,-0.00411909818649292,-0.0006133988499641418,-0.0005877763032913208,0.00032541900873184204,0.003960415720939636,-0.005546599626541138,0.00588323175907135,-0.0008041709661483765,-0.00019277632236480713,0.0005458295345306396,0.007463820278644562,-0.0012707039713859558,-0.0020360276103019714
164,0.003542885184288025,-0.0017860010266304016,0.0034311264753341675,-0.009182870388031006,-0.0016222745180130005,0.0042122602462768555,-0.00010745227336883545,0.019124627113342285,0.007314279675483704,0.00018565356731414795,0.000500798225402832,-0.0009088292717933655,-0.0012031495571136475,0.0020337849855422974,0.00045003741979599,-0.0012470930814743042,0.0006175637245178223,0.0016046389937400818,0.001351773738861084,-0.0034639015793800354,-0.0003832131624221802
165,0.0007832646369934082,0.0018540248274803162,0.0027932152152061462,-0.006465703248977661,-0.0027535930275917053,-9.320676326751709e-05,-0.002509467303752899,-0.008008062839508057,-0.0031475797295570374,0.00106106698513031,0.0013308525085449219,-0.002640753984451294,-0.003792479634284973,-0.004647046327590942,0.003320828080177307,-0.0017892718315124512,0.0018576085567474365,-0.0007877647876739502,0.004761800169944763,-0.003399200737476349,0.00024828314781188965
166,0.0021085217595100403,0.001203969120979309,-0.006605200469493866,-0.004505336284637451,0.0006324201822280884,0.0023682862520217896,-0.00047551095485687256,-0.00037738680839538574,-0.002225443720817566,0.0003443509340286255,0.0005423948168754578,-0.001073986291885376,0.002766937017440796,0.005524083971977234,-0.0020914822816848755,0.0005874931812286377,0.0026278048753738403,-0.002387508749961853,0.004720330238342285,0.0021141767501831055,-0.003225088119506836
167,-0.0022033005952835083,0.000993579626083374,-0.0020051002502441406,0.006392069160938263,-0.003404289484024048,0.0007681399583816528,0.00036272406578063965,-0.0073677897453308105,0.0006812363862991333,0.00013568997383117676,-0.0010961294174194336,-0.0012558698654174805,-0.004880160093307495,-0.008801370859146118,-0.003110051155090332,0.002148367464542389,0.00029306113719940186,-0.0008896216750144958,5.178898572921753e-05,0.0015286654233932495,-0.007907852530479431
168,-0.0007900595664978027,-0.0009456127882003784,-0.004382960498332977,-0.0035727769136428833,-0.004982247948646545,0.0045901015400886536,4.920363426208496e-05,0.006971269845962524,-0.002444058656692505,0.0007592886686325073,-0.00035053491592407227,0.002291262149810791,0.0005866885185241699,-7.642805576324463e-05,0.006499744951725006,-1.2576580047607422e-05,-0.0008081048727035522,-0.00067158043384552,-0.0030134618282318115,0.003652617335319519,-0.0034817904233932495
169,-0.002212539315223694,0.0007663518190383911,0.0003297775983810425,0.011381536722183228,-0.0026721805334091187,-0.00011111795902252197,-0.0028481855988502502,0.004139706492424011,-0.004835397005081177,0.0012485161423683167,0.0014435946941375732,0.0035542920231819153,-0.0039027035236358643,-0.013212502002716064,0.01158171147108078,-0.0031016692519187927,-0.0014690682291984558,0.000551074743270874,-0.002964913845062256,0.0004811212420463562,0.0054366737604141235
170,-0.0023177489638328552,-0.0008983686566352844,-0.0019681304693222046,0.019279293715953827,0.001960769295692444,0.004015341401100159,0.005441993474960327,0.0005422234535217285,-5.233287811279297e-05,0.0008107349276542664,-0.0001026540994644165,-0.0013436377048492432,-0.0008489787578582764,0.003939241170883179,0.0030201002955436707,0.0003380626440048218,-0.0021373480558395386,-0.001743420958518982,-0.0011273249983787537,0.0021117180585861206,-0.002049371600151062
171,0.001271657645702362,0.0007597059011459351,-0.00717557966709137,0.00016279518604278564,-0.0003982260823249817,-0.0009619295597076416,-0.0011664405465126038,0.0036430656909942627,-0.006772950291633606,0.000550881028175354,-0.002224452793598175,-0.0012772828340530396,-0.006999768316745758,-0.007785111665725708,0.0003796815872192383,-0.003120824694633484,0.0015487521886825562,0.001492612063884735,-0.003999173641204834,-0.004599280655384064,-0.0036765336990356445
172,0.00018475204706192017,-0.00118352472782135,0.0015763044357299805,-0.005279906094074249,-0.00023059546947479248,-0.0013886317610740662,0.0006296709179878235,-0.01172870397567749,0.011952586472034454,0.0007901117205619812,-0.0010321438312530518,0.0034455880522727966,0.00024096667766571045,0.0033809244632720947,-0.0012058168649673462,-0.0021300911903381348,0.0016427114605903625,-0.0010657459497451782,0.0021215081214904785,0.0076706185936927795,0.00033195316791534424
173,-0.0012653246521949768,0.002116970717906952,0.0005733892321586609,0.008319497108459473,-0.00020124763250350952,0.0011284947395324707,0.006665423512458801,-0.013604864478111267,0.011145174503326416,-0.00041815638542175293,0.00029953569173812866,-0.000740349292755127,0.007143065333366394,-0.004745513200759888,-0.0015179067850112915,-0.0017995685338974,-0.0011966079473495483,-0.00047282874584198,-0.0047805532813072205,0.004660218954086304,0.0033243373036384583
174,-0.004292480647563934,-0.0007929205894470215,-0.003487616777420044,0.006825096905231476,0.002012290060520172,0.0016830414533615112,0.007510297000408173,-0.00543995201587677,8.71121883392334e-05,-0.0006344914436340332,-0.00017113983631134033,0.0014907866716384888,-0.0009022504091262817,-0.002013474702835083,0.0026396960020065308,-0.001560702919960022,-0.00112045556306839,-0.0020220130681991577,0.004164844751358032,-0.0035078078508377075,0.002309054136276245
175,-0.0011180490255355835,0.0009430423378944397,-0.0030298009514808655,0.007404133677482605,-0.0026061981916427612,-0.0027393922209739685,0.001205354928970337,0.005277961492538452,0.0010579228401184082,-0.0012376010417938232,0.0018397793173789978,-0.004086382687091827,0.00016655027866363525,0.0034726858139038086,0.005817502737045288,0.0006494224071502686,-0.002417236566543579,-0.0008805468678474426,0.005348041653633118,0.004674732685089111,0.001529201865196228
176,0.00044333934783935547,-0.0006608366966247559,0.0018991604447364807,-0.006251782178878784,0.0009178370237350464,0.003780081868171692,-0.008771426975727081,-0.013682886958122253,0.005018249154090881,-0.0014562681317329407,-0.002071276307106018,0.0024786368012428284,-0.0007477998733520508,0.006159007549285889,-7.75456428527832e-05,-0.0014442279934883118,-0.002278856933116913,-0.0014260262250900269,0.0017653927206993103,0.0036374181509017944,0.0011364668607711792
177,-0.0021093934774398804,0.0007996857166290283,-0.00024649500846862793,6.283819675445557e-05,-0.0002975761890411377,0.0006248056888580322,0.0041360631585121155,0.002602189779281616,-0.0009821504354476929,0.0011716187000274658,0.002370499074459076,0.0012820512056350708,0.0025252774357795715,0.008450761437416077,0.00491786003112793,0.004866577684879303,-0.00022827833890914917,0.000425681471824646,-0.0008335486054420471,0.005043730139732361,-0.0008987486362457275
178,-0.00313393771648407,9.229779243469238e-05,0.0017309188842773438,0.0036456435918807983,0.00046803802251815796,0.0016488581895828247,0.0012214183807373047,0.001155078411102295,0.01278521865606308,0.00013265013694763184,0.0040250420570373535,0.0005379170179367065,-0.0011529624462127686,0.00800006091594696,-0.0040898993611335754,-0.00044167041778564453,-0.0012724250555038452,0.0009713172912597656,-0.0033692866563796997,0.005027316510677338,0.0009462535381317139
179,-0.0020377784967422485,-0.0002800077199935913,-0.002090349793434143,-0.004493512213230133,-0.0006933212280273438,0.0039055347442626953,0.005342476069927216,0.004517674446105957,-0.0022275298833847046,0.0008250325918197632,-0.007278844714164734,0.0018919408321380615,-0.002809688448905945,0.01245233416557312,0.0010444223880767822,-0.002595655620098114,-0.0013761520385742188,-0.005674004554748535,0.002981923520565033,-0.0011032074689865112,-0.0026724040508270264
180,-0.0014780908823013306,-0.0004006922245025635,0.00521966814994812,-0.0009705349802970886,-0.0016855448484420776,0.0026714354753494263,0.0001347959041595459,-0.0038375109434127808,-0.00029140710830688477,-0.0012930482625961304,0.0006271004676818848,0.001310393214225769,-0.0008557364344596863,-0.013186834752559662,-0.0037349089980125427,-0.0007284730672836304,0.0008916705846786499,-0.0027426257729530334,0.002110198140144348,0.0027574151754379272,-0.0004924982786178589
181,-0.000284634530544281,-0.0004344135522842407,0.0010738372802734375,0.0017946511507034302,-0.00018166005611419678,-0.002046532928943634,-0.002021417021751404,-0.006091117858886719,0.00036291778087615967,-0.0010288655757904053,0.0021290555596351624,0.001287318766117096,-0.0005502253770828247,-0.016509123146533966,0.010084748268127441,-0.00025109201669692993,0.0008057430386543274,-0.0004153400659561157,0.004202216863632202,0.0032015591859817505,0.002096116542816162
182,-0.0005668103694915771,0.001287013292312622,-0.003865756094455719,-0.0006227940320968628,-0.0012531876564025879,0.0021934956312179565,0.0033612847328186035,0.008587941527366638,0.009606629610061646,-0.0002089366316795349,-4.380941390991211e-05,-0.0023600012063980103,-0.002226516604423523,-0.0021780431270599365,0.0036159753799438477,-0.0002772212028503418,-0.0011261850595474243,0.00011429190635681152,0.0011859387159347534,0.0014707297086715698,0.00013437867164611816
183,0.006208553910255432,0.00031457096338272095,-0.0012756586074829102,0.008247889578342438,-0.0018098950386047363,-0.0004871487617492676,0.00035609304904937744,-0.00025516748428344727,0.008160412311553955,-0.0011447891592979431,-0.0001615285873413086,-0.0013356730341911316,-0.0035493820905685425,-0.0030550211668014526,-0.005903787910938263,0.00016213953495025635,0.000947311520576477,-0.003111504018306732,-0.00029693543910980225,0.006674632430076599,-0.0024990588426589966
184,0.0008568167686462402,-0.0008264258503913879,0.0063978806138038635,0.0002950131893157959,-0.004341870546340942,-0.0003106147050857544,-0.0014136731624603271,0.009550459682941437,0.005435660481452942,0.0010807141661643982,0.0008811280131340027,-0.0016010850667953491,0.009214036166667938,0.00856025516986847,0.0016206055879592896,-0.0029093697667121887,0.0012440532445907593,-0.0009354874491691589,0.0003795921802520752,-0.002280987799167633,0.001653432846069336
185,0.0008085072040557861,2.0638108253479004e-05,-0.002098485827445984,0.002672649919986725,0.0006506368517875671,0.003397926688194275,0.0074841976165771484,-0.011447608470916748,0.0030280202627182007,-0.00011907517910003662,-0.0009461194276809692,0.00042622536420822144,0.0020712316036224365,0.001021459698677063,0.00425855815410614,-0.0016598254442214966,0.0008127763867378235,-0.00011521577835083008,-0.00015184283256530762,0.0023944824934005737,0.007981032133102417
186,-0.002463199198246002,0.0004038810729980469,0.0007954835891723633,-0.009293779730796814,0.0017001330852508545,-0.0031241178512573242,0.005272969603538513,0.007788553833961487,0.00543762743473053,0.0003021135926246643,-0.00018742680549621582,-0.0035141929984092712,-0.0034026503562927246,0.004085078835487366,7.495284080505371e-06,0.0014904066920280457,0.0003506690263748169,-0.0006870180368423462,0.003506578505039215,0.004460364580154419,0.00017368793487548828
187,-0.0009611770510673523,0.0007287263870239258,-0.0002550482749938965,0.0025635212659835815,0.000280134379863739,0.0009384453296661377,0.0036637187004089355,-0.002814173698425293,-0.001866266131401062,0.0008781999349594116,-0.000761762261390686,0.0004297494888305664,0.007184803485870361,-0.011336356401443481,-0.0003654360771179199,-0.001910477876663208,-0.0002334192395210266,-0.00392632931470871,-0.0004138648509979248,0.005613163113594055,0.003155827522277832
188,-0.004713013768196106,-0.0011859685182571411,0.0005818009376525879,0.008269861340522766,-0.0018444955348968506,0.0004860609769821167,-0.003916725516319275,-0.005727007985115051,0.014595486223697662,0.001031346619129181,-0.002826198935508728,0.0012200921773910522,0.00610274076461792,-0.002467632293701172,-0.004507824778556824,0.0005413740873336792,-0.00032676756381988525,0.0008141323924064636,-0.003051191568374634,-0.0017800703644752502,0.0001313239336013794
189,0.0005550533533096313,-0.0007630586624145508,-0.004116803407669067,-0.0036482512950897217,0.0007231533527374268,0.002050071954727173,0.00410151481628418,-0.006678074598312378,-0.006169676780700684,-0.0006304532289505005,-0.0016030296683311462,0.0045312196016311646,-0.005094632506370544,-0.009209074079990387,-0.0009206682443618774,6.619095802307129e-05,-0.0023737847805023193,0.003711007535457611,2.154707908630371e-05,0.0045193880796432495,-0.003945633769035339
190,-0.0018972232937812805,0.0007408559322357178,0.0023439303040504456,0.011629477143287659,-0.0005457773804664612,0.0044549256563186646,0.002172812819480896,2.187490463256836e-05,-0.0011205822229385376,-0.00011497735977172852,0.0007840096950531006,-0.0011079832911491394,0.0006362050771713257,0.01047380268573761,-0.0020336806774139404,-0.00015645474195480347,-0.00010856986045837402,0.00037798285484313965,0.0023749321699142456,0.005105108022689819,-0.005308486521244049
191,-0.0017386674880981445,-0.0025081634521484375,-0.0018010437488555908,0.004531301558017731,-0.002257905900478363,0.0018214136362075806,0.0012413188815116882,0.002273380756378174,0.0008304864168167114,-0.0010959580540657043,-0.0027071386575698853,0.002529047429561615,0.005493007600307465,-0.005549639463424683,0.0020047277212142944,-3.425776958465576e-05,-0.0014462843537330627,0.0024385228753089905,-0.004429444670677185,-0.0011515021324157715,-0.0002910047769546509
192,0.0005030333995819092,0.0004026144742965698,-0.0030550584197044373,0.0002550482749938965,-0.0006387233734130859,0.002842053771018982,0.006179288029670715,0.020922265946865082,-0.007177539169788361,-0.0009857714176177979,0.0029221177101135254,-0.0021683499217033386,-0.0008881986141204834,-0.016585327684879303,0.00572831928730011,-0.0029292330145835876,-0.002867959439754486,0.0006429851055145264,0.0017772316932678223,0.006156131625175476,-0.003310948610305786
193,0.0014879032969474792,-0.0015782266855239868,0.0013444870710372925,0.006594344973564148,0.002308659255504608,0.0022827088832855225,0.00024131685495376587,0.0057325661182403564,-0.010429397225379944,-0.0017261579632759094,0.003332868218421936,-7.211416959762573e-05,-0.0002240389585494995,-0.01003938913345337,-0.0038273707032203674,-0.000577092170715332,0.00030037760734558105,-0.002551831305027008,-0.002825595438480377,0.004736714065074921,-0.003807477653026581
194,0.0010419413447380066,-0.0008163675665855408,0.002511128783226013,0.005193769931793213,-0.0008154138922691345,0.0013961344957351685,-0.009029343724250793,0.0007823556661605835,0.0037593990564346313,0.0009098052978515625,-0.0008851438760757446,0.0015897750854492188,0.0019203722476959229,0.004911601543426514,0.006264537572860718,-0.0015594959259033203,-0.0016944855451583862,-0.00012452900409698486,0.0076028406620025635,-0.0019468516111373901,-0.004707075655460358
195,0.000622868537902832,-0.0020432770252227783,0.002203315496444702,0.014526620507240295,-0.0019112378358840942,-0.002159595489501953,-0.0003247484564781189,0.00617063045501709,-0.0021243691444396973,-0.00027526915073394775,-0.0020872950553894043,0.0015081614255905151,0.008029773831367493,-0.0006319433450698853,0.0021971017122268677,0.0006726309657096863,-0.00174027681350708,-0.00016561150550842285,-0.0033934861421585083,0.0033580511808395386,0.0021972060203552246
196,-0.0013053566217422485,0.001305602490901947,0.0010741502046585083,0.010387137532234192,-0.0013079643249511719,-0.0017252117395401,0.0008592903614044189,-0.013721302151679993,0.008762143552303314,0.00019418448209762573,-0.00040103495121002197,-4.455447196960449e-06,-0.0034179240465164185,-0.0019882172346115112,0.00515659898519516,-0.0005502477288246155,-0.0008937716484069824,-0.00027720630168914795,-0.003193408250808716,-0.001802876591682434,-0.003388926386833191
197,0.002022683620452881,0.001381993293762207,-0.0049390122294425964,-0.0015331059694290161,-0.0025484412908554077,-0.006128966808319092,0.005502067506313324,0.012229174375534058,0.0001821070909500122,-0.0006745904684066772,0.003765091300010681,0.00048467516899108887,0.0034495145082473755,0.0009965002536773682,0.0024698972702026367,-0.0008125826716423035,-0.0007155910134315491,0.0007937997579574585,-0.0009044259786605835,-0.0009402483701705933,-0.0016695931553840637
198,-0.002717718482017517,0.00044530630111694336,-0.0015547573566436768,-0.0007173418998718262,0.00024278461933135986,0.001230873167514801,-0.004503853619098663,0.0025584250688552856,0.0016481876373291016,0.001142062246799469,-0.0015392899513244629,-0.0045937225222587585,-0.0054935067892074585,-0.02221587300300598,0.004341118037700653,-0.00014315545558929443,7.62939453125e-06,-0.0014102011919021606,0.0008950233459472656,-0.0012801885604858398,-0.0008448511362075806
199,-0.0007349848747253418,-0.00013008713722229004,-0.0008346438407897949,0.006795935332775116,0.0005008503794670105,-0.0015896186232566833,0.002300731837749481,-0.0013528689742088318,-0.0037731528282165527,0.0003572925925254822,0.003438994288444519,-0.001299843192100525,-0.0019749701023101807,-0.0017841309309005737,0.0007736533880233765,-0.0011791586875915527,-0.0001392662525177002,-0.0019427686929702759,-0.00024487078189849854,-0.00137995183467865,0.005439266562461853
200,-0.0007170289754867554,0.001989699900150299,0.00022709369659423828,-0.0049729496240615845,-6.975233554840088e-05,0.0018859654664993286,0.004953458905220032,-0.003680214285850525,-0.0018775314092636108,-0.0006626546382904053,0.0015061497688293457,0.0010236725211143494,0.005236394703388214,-1.0699033737182617e-05,-0.0044915154576301575,0.0005689561367034912,0.0007428675889968872,-0.00048222392797470093,0.00216105580329895,0.002796858549118042,0.0010515302419662476
